host_since,host_response_rate,host_acceptance_rate,host_is_superhost,host_listings_count,host_total_listings_count,host_has_profile_pic,host_identity_verified,latitude,longitude,property_type,room_type,accommodates,bathrooms,bedrooms,beds,price,minimum_nights,maximum_nights,minimum_minimum_nights,maximum_maximum_nights,minimum_nights_avg_ntm,maximum_nights_avg_ntm,availability_30,availability_60,availability_90,availability_365,number_of_reviews,number_of_reviews_ltm,number_of_reviews_l30d,availability_eoy,number_of_reviews_ly,estimated_occupancy_l365d,first_review,last_review,review_scores_rating,review_scores_accuracy,review_scores_cleanliness,review_scores_checkin,review_scores_communication,review_scores_location,review_scores_value,instant_bookable,calculated_host_listings_count,calculated_host_listings_count_entire_homes,calculated_host_listings_count_private_rooms,reviews_per_month,price_per_bedroom,num_amenities
4574,100.0,50.0,False,1,5,True,True,42.65789,-73.7537,7,0,4,1.0,2.0,2.0,70.0,28,1125,28,1125,28.0,1125.0,0,0,0,70,9,0,0,0,0,0,4034.0,1065.0,3.56,3.44,3.56,4.22,4.56,3.22,3.67,False,1,1,0,0.07,35.0,8
3997,100.0,98.0,True,4,7,True,True,42.65222,-73.76724,7,0,2,1.0,1.0,1.0,100.0,2,1125,2,1125,2.8,1125.0,8,30,60,335,308,6,0,176,15,36,3989.0,110.0,4.75,4.89,4.87,4.85,4.81,4.83,4.78,False,4,4,0,2.34,100.0,28
3779,100.0,99.0,True,2,2,True,True,42.64615,-73.75966,7,0,2,1.0,0.1,1.0,75.0,2,45,1,1125,1.3,1125.0,0,0,15,15,371,24,0,15,38,144,3723.0,151.0,4.51,4.62,4.45,4.81,4.88,4.76,4.64,False,2,1,1,3.02,750.0,33
3997,100.0,98.0,True,4,7,True,True,42.65222,-73.76724,7,0,2,1.0,1.0,1.0,95.0,2,1125,1,1125,2.7,1125.0,0,0,7,282,331,14,0,123,22,84,3693.0,158.0,4.73,4.83,4.71,4.82,4.7,4.8,4.72,False,4,4,0,2.72,95.0,31
4028,100.0,100.0,True,1,1,True,True,42.65559,-73.76506,7,0,4,1.0,1.0,2.0,86.0,1,1125,1,1125,1.0,1125.0,0,0,0,128,620,29,0,0,31,174,3266.0,70.0,4.8,4.86,4.83,4.95,4.93,4.87,4.77,False,1,1,0,5.76,86.0,33
3779,100.0,99.0,True,2,2,True,True,42.64734,-73.75851,16,1,2,1.0,1.0,2.0,52.0,1,60,1,60,1.0,60.0,18,34,47,223,418,34,2,160,42,204,3453.0,47.0,4.56,4.72,4.51,4.84,4.86,4.77,4.68,False,2,1,1,3.67,52.0,28
4492,95.0,95.0,True,2,3,True,False,42.66078,-73.80553,13,1,1,1.0,1.0,1.0,54.0,1,1125,1,1125,1.0,1125.0,16,36,64,153,792,133,4,153,128,255,3450.0,57.0,4.82,4.89,4.79,4.93,4.88,4.92,4.91,False,2,0,2,6.96,54.0,23
4615,100.0,89.0,True,8,13,True,True,42.67567,-73.82438,6,0,10,2.0,3.0,4.0,264.0,1,1124,1,1124,1.3,1124.0,20,37,67,326,188,30,2,168,34,180,3336.0,60.0,4.96,4.93,4.98,4.99,4.96,4.95,4.87,False,8,8,0,1.71,88.0,80
3364,100.0,75.0,False,2,2,True,True,42.65154,-73.76867,16,1,1,1.0,1.0,1.0,47.0,5,1125,5,1125,5.0,1125.0,23,41,70,344,28,0,0,186,1,0,1789.0,527.0,4.82,4.89,4.57,4.82,4.89,4.71,4.75,False,2,0,2,0.48,47.0,39
5006,100.0,100.0,False,1,5,True,True,42.66972,-73.82753,4,0,8,2.0,4.0,4.0,219.0,2,1125,2,1125,2.0,1125.0,11,23,42,306,189,12,1,149,15,72,3303.0,68.0,4.66,4.8,4.71,4.89,4.86,4.8,4.76,False,1,1,0,1.74,54.75,53
4615,100.0,89.0,True,8,13,True,True,42.673512,-73.819679,4,0,7,2.0,2.0,2.0,260.0,1,730,1,730,1.0,730.0,2,10,40,315,113,20,0,156,26,120,3168.0,102.0,4.96,4.96,4.92,4.98,4.97,4.85,4.67,False,8,8,0,1.08,130.0,47
3260,100.0,100.0,False,2,9,True,True,42.65651,-73.77887,15,1,2,1.0,1.0,1.0,52.0,2,29,2,1125,2.1,1125.0,30,60,90,115,48,8,0,114,8,48,2971.0,140.0,4.65,4.83,4.81,4.88,4.73,4.81,4.73,True,2,0,2,0.49,52.0,35
4492,95.0,95.0,True,2,3,True,False,42.66075,-73.80605,13,1,2,1.0,1.0,1.0,60.0,1,1125,1,1125,1.0,1125.0,20,37,44,316,489,94,5,157,139,255,1876.0,53.0,4.76,4.85,4.65,4.86,4.79,4.91,4.85,False,2,0,2,7.98,60.0,25
4615,100.0,89.0,True,8,13,True,True,42.67637,-73.82395,4,0,6,1.0,2.0,3.0,376.0,1,1125,2,1125,2.3,1125.0,30,60,90,365,58,1,0,206,1,6,2684.0,338.0,4.97,4.93,5.0,4.98,5.0,4.97,4.79,False,8,8,0,0.66,188.0,84
4089,90.0,87.0,True,3,3,True,False,42.65312,-73.78161,15,1,2,1.0,1.0,1.0,70.0,1,1125,1,1125,1.3,1125.0,20,45,75,254,82,11,0,191,11,66,2465.0,303.0,4.96,4.96,4.94,4.98,4.95,4.95,4.94,False,3,0,3,1.01,70.0,29
3381,100.0,97.0,True,1,1,True,True,42.65846,-73.80201,4,0,9,2.0,5.0,6.0,290.0,4,730,4,730,4.0,730.0,17,33,59,331,115,18,4,172,16,144,2808.0,44.0,4.93,4.96,4.91,4.98,4.99,4.89,4.89,False,1,1,0,1.25,58.0,37
4615,100.0,89.0,True,8,13,True,True,42.675,-73.82382,4,0,6,1.0,2.0,3.0,196.0,1,1125,1,1125,1.3,1125.0,26,49,79,354,77,22,0,195,8,132,2830.0,72.0,4.95,4.94,4.83,4.94,4.94,4.84,4.79,False,8,8,0,0.83,98.0,46
3394,100.0,100.0,True,2,2,True,True,42.64939,-73.76865,7,0,4,1.0,1.0,2.0,116.0,2,1125,2,1125,2.0,1125.0,16,36,66,341,131,0,0,182,1,0,2670.0,431.0,4.91,4.93,4.93,4.98,4.96,4.89,4.87,False,2,2,0,1.49,116.0,48
3204,100.0,98.0,True,8,8,True,True,42.65532,-73.78244,4,0,2,1.0,1.0,1.0,68.0,2,365,2,1125,2.0,1125.0,0,0,0,266,48,7,1,107,6,42,2866.0,59.0,4.92,4.92,4.94,4.94,4.98,4.92,4.88,False,8,2,6,0.51,68.0,34
2951,100.0,100.0,True,11,15,True,True,42.66565,-73.77975,15,1,2,1.0,1.0,1.0,36.0,18,1125,18,1125,18.0,1125.0,6,36,66,341,46,6,1,182,3,216,2574.0,59.0,4.78,4.85,4.72,4.98,4.96,4.65,4.67,True,3,0,3,0.54,36.0,46
3204,100.0,98.0,True,8,8,True,True,42.65372,-73.78244,7,0,2,1.0,1.0,1.0,60.0,2,730,2,730,2.0,730.0,0,0,8,260,131,18,4,101,17,108,2796.0,45.0,4.85,4.89,4.85,4.91,4.93,4.88,4.83,False,8,2,6,1.42,60.0,44
4615,100.0,89.0,True,8,13,True,True,42.67547,-73.82402,4,0,15,1.5,4.0,4.0,582.0,4,1125,4,1125,4.0,1125.0,30,60,90,365,8,0,0,206,0,0,2761.0,2547.0,5.0,5.0,5.0,5.0,4.88,5.0,4.88,False,8,8,0,0.09,145.5,38
2847,100.0,99.0,True,9,17,True,True,42.66045,-73.77833,7,0,4,1.0,1.0,2.0,67.0,3,730,3,730,3.0,730.0,20,36,66,341,181,14,1,182,21,84,2789.0,53.0,4.75,4.86,4.77,4.92,4.98,4.56,4.76,False,9,9,0,1.97,67.0,36
2951,100.0,100.0,True,11,15,True,True,42.66572,-73.77834,15,1,2,1.0,1.0,1.0,37.0,18,1125,18,1125,18.0,1125.0,0,5,35,310,32,7,0,151,9,252,2758.0,139.0,4.84,4.78,4.69,4.97,4.97,4.69,4.69,True,3,0,3,0.35,37.0,44
2951,100.0,100.0,True,11,15,True,True,42.66703,-73.77842,15,1,1,1.0,1.0,1.0,35.0,18,1125,18,1125,18.0,1125.0,0,0,0,157,26,4,0,0,4,144,2770.0,174.0,4.77,4.65,4.58,4.96,5.0,4.69,4.73,True,3,0,3,0.29,35.0,44
3204,100.0,98.0,True,8,8,True,True,42.65501,-73.78122,15,1,2,1.0,1.0,1.0,54.0,2,1125,2,1125,2.0,1125.0,16,37,55,330,121,15,0,171,14,90,2742.0,97.0,4.91,4.9,4.92,4.98,4.93,4.93,4.83,False,8,2,6,1.34,54.0,34
2820,100.0,11.0,False,1,4,True,True,42.65975,-73.81196,13,1,2,1.0,1.0,1.0,68.0,2,1125,2,1125,2.0,1125.0,0,3,32,32,122,1,0,32,5,6,2643.0,313.0,4.93,4.95,4.96,4.97,4.98,4.97,4.97,False,1,0,1,1.4,68.0,32
3204,100.0,98.0,True,8,8,True,True,42.65431,-73.78178,13,1,2,1.0,1.0,1.0,71.0,2,730,2,730,2.0,730.0,10,27,49,324,50,9,0,165,7,54,2469.0,75.0,4.94,4.96,4.94,4.96,4.96,4.96,4.88,False,8,2,6,0.62,71.0,34
4281,68.0,75.0,True,1,1,True,True,42.65345,-73.7645,2,0,2,1.0,1.0,1.0,72.0,1,1125,1,1125,1.0,1125.0,7,26,49,134,928,110,5,134,133,255,2595.0,54.0,4.9,4.94,4.9,4.97,4.95,4.92,4.92,False,1,1,0,10.88,72.0,42
3739,75.0,100.0,False,1,4,True,True,42.65333,-73.77293,15,1,2,1.0,1.0,1.0,93.0,3,28,3,1125,3.0,1125.0,24,48,78,353,14,2,0,194,2,12,2575.0,228.0,4.86,4.93,5.0,5.0,5.0,4.93,4.71,False,1,0,1,0.17,93.0,34
3204,100.0,98.0,True,8,8,True,True,42.6543083190918,-73.78177642822266,16,1,2,1.0,1.0,1.0,54.0,2,1125,2,1125,2.0,1125.0,10,31,61,336,26,3,0,177,5,18,2334.0,275.0,5.0,5.0,4.92,5.0,5.0,4.96,4.92,False,8,2,6,0.34,54.0,43
3474,100.0,87.0,True,1,5,True,True,42.65821,-73.76917,16,1,1,1.0,1.0,1.0,75.0,1,1125,1,1125,1.0,1125.0,25,50,78,352,92,28,0,194,30,168,2487.0,126.0,4.95,4.95,4.97,4.99,5.0,4.96,4.96,False,1,0,1,1.13,75.0,35
4089,90.0,87.0,True,3,3,True,False,42.65464,-73.78348,16,1,2,1.0,1.0,1.0,59.0,1,730,1,730,1.3,730.0,0,0,0,94,271,22,1,31,28,132,2433.0,67.0,4.96,4.97,4.97,4.96,4.97,4.96,4.96,False,3,0,3,3.39,59.0,26
3591,100.0,99.0,True,11,13,True,True,42.64535,-73.75365,5,0,5,1.0,1.0,2.0,81.0,1,28,1,1125,2.1,1125.0,7,31,61,336,691,55,1,177,60,255,2426.0,52.0,4.79,4.87,4.83,4.86,4.91,4.72,4.81,False,9,9,0,8.68,81.0,55
3591,100.0,99.0,True,11,13,True,True,42.64535,-73.75365,7,0,3,1.0,0.1,1.0,56.0,1,28,1,1125,2.2,1125.0,17,40,70,343,628,67,8,184,66,255,2407.0,46.0,4.72,4.76,4.71,4.83,4.9,4.61,4.7,False,9,9,0,7.95,560.0,51
2597,100.0,75.0,False,2,2,True,True,42.6737,-73.75313,15,1,2,1.0,1.0,1.0,70.0,1,1125,1,1125,1.0,1125.0,12,18,48,134,7,1,0,87,1,6,2464.0,403.0,5.0,5.0,5.0,5.0,5.0,5.0,4.86,False,1,0,1,0.09,70.0,52
3997,100.0,98.0,True,4,7,True,True,42.65235,-73.76714,8,0,2,1.0,1.0,1.0,82.0,2,1125,1,1125,2.7,1125.0,28,46,76,351,107,17,2,192,9,102,2444.0,67.0,4.65,4.86,4.79,4.81,4.54,4.79,4.64,False,4,4,0,1.33,82.0,32
3204,100.0,98.0,True,8,8,True,True,42.6533,-73.78114,15,1,1,1.0,1.0,1.0,76.0,2,1125,2,1125,2.0,1125.0,11,39,69,344,68,0,0,185,4,0,2357.0,424.0,4.94,4.93,4.94,4.94,4.97,4.96,4.93,False,8,2,6,0.88,76.0,30
2789,100.0,80.0,False,1,2,True,True,42.67519,-73.82281,15,1,1,1.0,1.0,1.0,47.0,2,1125,2,1125,2.0,1125.0,0,0,0,237,32,5,1,78,2,30,2380.0,51.0,4.75,4.72,4.69,4.88,4.88,4.91,4.75,False,1,0,1,0.41,47.0,55
3213,100.0,100.0,False,1,1,True,False,42.6761,-73.73825,15,1,4,1.0,2.0,2.0,104.0,3,26,3,1125,3.0,1125.0,30,60,90,269,1,1,0,206,1,6,262.0,262.0,5.0,5.0,5.0,5.0,5.0,5.0,5.0,False,1,0,1,0.13,52.0,39
3591,100.0,99.0,True,11,13,True,True,42.64563,-73.75311,7,0,6,1.0,2.0,3.0,86.0,1,28,1,1125,2.2,1125.0,20,35,65,340,448,42,5,181,31,252,2310.0,46.0,4.68,4.75,4.67,4.76,4.82,4.64,4.68,False,9,9,0,5.91,43.0,56
3591,100.0,99.0,True,11,13,True,True,42.64585,-73.75297,7,0,6,1.0,2.0,2.0,87.0,1,28,1,1125,2.2,1125.0,15,29,59,334,459,48,6,175,37,255,2280.0,46.0,4.76,4.81,4.75,4.84,4.87,4.64,4.76,False,9,9,0,6.14,43.5,51
2393,99.0,97.0,True,24,38,True,True,42.64335,-73.7579,7,0,6,1.0,2.0,3.0,118.0,1,1125,1,1125,1.0,1125.0,28,28,28,28,318,45,2,28,64,255,2231.0,53.0,4.75,4.76,4.86,4.84,4.84,4.28,4.72,False,22,22,0,4.35,59.0,39
4089,90.0,87.0,True,3,3,True,False,42.65259,-73.78223,15,1,2,1.0,1.0,1.0,50.0,1,1125,1,1125,1.3,1125.0,6,24,49,228,198,41,2,165,36,246,2198.0,55.0,4.98,4.97,4.95,4.98,4.94,4.94,4.96,False,3,0,3,2.75,50.0,31
2393,99.0,97.0,True,24,38,True,True,42.64506,-73.75727,7,0,2,1.0,1.0,1.0,89.0,1,1125,1,1125,1.0,1125.0,27,27,27,27,308,29,1,27,48,174,2203.0,60.0,4.79,4.82,4.83,4.85,4.83,4.32,4.75,False,22,22,0,4.27,89.0,45
2626,89.0,13.0,True,9,9,True,True,42.66619,-73.79031,7,0,4,1.0,2.0,2.0,126.0,2,1125,2,1125,2.0,1125.0,30,60,90,365,54,2,0,206,4,12,2188.0,337.0,4.8,4.83,4.87,4.93,4.93,4.87,4.74,False,8,8,0,0.75,63.0,39
2717,100.0,100.0,True,2,2,True,True,42.65085,-73.80239,15,1,1,1.5,1.0,1.0,53.0,1,1125,1,1125,1.0,1125.0,10,17,42,221,422,98,12,158,101,255,2137.0,41.0,4.97,4.99,4.99,4.98,4.98,4.98,4.98,False,2,0,2,6.03,53.0,43
2114,100.0,100.0,False,4,4,True,True,42.65507,-73.76138,7,0,4,1.0,2.0,2.0,104.0,2,365,2,1125,2.9,1091.7,28,51,81,356,44,5,2,197,5,30,2048.0,56.0,4.75,4.77,4.77,4.64,4.98,4.59,4.52,False,4,4,0,0.66,52.0,35
2626,89.0,13.0,True,9,9,True,True,42.65483,-73.78033,7,0,4,1.0,1.0,1.0,110.0,5,1125,5,1125,5.0,1125.0,30,60,90,365,24,1,0,206,0,10,2088.0,94.0,4.46,4.46,4.58,4.83,4.88,4.71,4.33,False,8,8,0,0.35,110.0,43
2847,100.0,99.0,True,9,17,True,True,42.66827,-73.79231,7,0,5,1.0,2.0,3.0,92.0,3,700,3,700,3.0,700.0,22,41,41,314,130,22,1,155,22,132,2048.0,57.0,4.86,4.94,4.9,4.96,4.97,4.92,4.82,True,9,9,0,1.94,46.0,41
3552,100.0,85.0,True,2,5,True,True,42.67773,-73.73899,4,0,4,1.0,1.0,3.0,121.0,1,800,1,800,1.0,800.0,7,7,7,7,173,7,0,7,2,42,2010.0,151.0,4.99,4.99,4.99,4.99,4.99,4.97,4.95,False,1,1,0,2.63,121.0,51
3433,100.0,100.0,False,1,1,True,True,42.65115,-73.7668,4,0,4,1.5,2.0,2.0,97.0,30,1125,30,1125,30.0,1125.0,0,0,0,0,4,0,0,0,0,0,1566.0,923.0,5.0,5.0,5.0,5.0,5.0,5.0,5.0,False,1,1,0,0.08,48.5,45
2626,89.0,13.0,True,9,9,True,True,42.65315,-73.76202,7,0,4,1.0,2.0,2.0,122.0,7,1125,7,1125,7.0,1125.0,30,60,90,365,24,2,0,206,2,28,1979.0,205.0,4.75,4.71,4.79,4.79,4.79,4.79,4.67,False,8,8,0,0.37,61.0,50
3041,100.0,100.0,False,1237,2577,True,True,42.6469,-73.75761,7,0,6,1.0,3.0,3.0,174.0,3,1125,3,1125,3.0,1125.0,0,0,0,9,27,0,0,1,0,0,1845.0,994.0,3.96,4.0,4.0,4.3,4.41,4.26,3.89,True,5,5,0,0.45,58.0,23
5161,100.0,97.0,True,2,2,True,True,42.63876,-73.78535,4,0,6,1.5,3.0,3.0,102.0,1,1125,1,1125,1.3,1125.0,20,40,70,223,115,19,2,160,14,114,1911.0,44.0,4.8,4.87,4.64,4.89,4.96,4.61,4.77,False,1,1,0,1.84,34.0,54
2207,100.0,94.0,True,2,6,True,True,42.64453,-73.75426,7,0,4,1.0,2.0,2.0,87.0,2,29,1,29,2.2,29.0,25,48,77,77,112,24,3,77,26,144,1756.0,60.0,4.83,4.88,4.8,4.91,4.91,4.54,4.84,False,2,2,0,1.95,43.5,56
2114,100.0,100.0,False,4,4,True,True,42.65556,-73.76205,7,0,3,1.0,1.0,2.0,114.0,2,1080,2,1125,2.8,1091.7,18,38,68,343,18,2,0,184,3,12,1612.0,143.0,4.94,5.0,4.94,4.72,4.94,4.72,4.83,False,4,4,0,0.34,114.0,35
2393,99.0,97.0,True,24,38,True,True,42.64383,-73.78926,4,0,6,1.0,3.0,3.0,248.0,2,1125,2,1125,2.0,1125.0,0,1,1,1,91,14,0,1,24,84,1838.0,229.0,4.91,4.9,4.91,4.95,4.93,4.81,4.78,False,22,22,0,1.52,82.66666666666667,62
1832,100.0,99.0,True,3,3,True,True,42.65935,-73.76805,7,0,4,1.0,0.1,1.0,102.0,1,365,1,365,1.0,365.0,17,28,51,318,370,31,2,159,41,186,1826.0,52.0,4.97,4.98,4.99,4.98,4.99,4.95,4.96,False,3,3,0,6.2,1020.0,35
1832,100.0,99.0,True,3,3,True,True,42.66006,-73.76966,7,0,4,1.0,1.0,2.0,103.0,1,1125,1,1125,1.0,1125.0,26,44,66,331,302,12,1,172,16,72,1811.0,68.0,4.99,4.98,4.99,4.98,5.0,4.98,4.97,False,3,3,0,5.11,103.0,48
1839,90.0,91.0,True,6,6,True,True,42.64808,-73.7996,7,0,4,1.0,2.0,2.0,146.0,13,1125,13,1125,13.0,1125.0,0,0,0,266,26,3,0,108,4,78,1789.0,233.0,4.85,4.92,4.69,4.96,4.96,4.96,4.77,False,6,6,0,0.45,73.0,24
1796,100.0,100.0,True,1,1,True,True,42.66132,-73.7956,7,0,3,1.0,1.0,1.0,132.0,1,365,1,365,1.0,365.0,0,0,0,221,129,4,0,62,8,24,1786.0,186.0,4.95,4.97,4.94,4.97,4.97,4.95,4.9,False,1,1,0,2.21,132.0,26
2207,100.0,94.0,True,2,6,True,True,42.64454,-73.75369,5,0,4,1.0,0.1,3.0,67.0,1,29,1,29,2.2,29.0,20,45,74,74,40,10,4,74,4,60,1400.0,45.0,4.63,4.75,4.83,4.85,4.68,4.33,4.55,False,2,2,0,0.88,670.0,38
2754,100.0,100.0,False,5,7,True,True,42.6545,-73.78223,7,0,4,1.0,1.0,2.0,89.0,2,365,2,1125,2.0,1125.0,14,38,68,247,154,29,2,184,41,174,1733.0,56.0,4.72,4.8,4.59,4.91,4.88,4.73,4.72,False,1,1,0,2.72,89.0,30
3550,100.0,97.0,False,19,19,True,True,42.64801,-73.75668,7,0,3,1.0,1.0,1.0,108.0,1,1125,1,1125,1.3,1125.0,10,33,61,176,99,6,0,176,14,36,1632.0,151.0,4.61,4.7,4.7,4.8,4.83,4.48,4.55,False,18,18,0,1.86,108.0,44
3550,100.0,97.0,False,19,19,True,True,42.64821,-73.75793,7,0,3,1.0,1.0,1.0,108.0,1,1125,1,1125,1.3,1125.0,19,45,72,344,122,18,2,188,21,108,1633.0,60.0,4.78,4.82,4.87,4.84,4.92,4.48,4.71,False,18,18,0,2.29,108.0,41
3550,100.0,97.0,False,19,19,True,True,42.64713,-73.75628,7,0,4,1.0,2.0,2.0,117.0,1,1125,1,1125,1.3,1125.0,22,43,73,188,144,16,0,188,24,96,1626.0,87.0,4.66,4.74,4.76,4.9,4.87,4.47,4.58,False,18,18,0,2.72,58.5,44
3364,100.0,98.0,True,1,1,True,True,42.65311,-73.78525,4,0,4,1.0,2.0,2.0,152.0,1,100,1,1125,1.0,1125.0,8,8,17,286,257,41,4,127,53,246,1621.0,46.0,4.99,4.99,4.99,4.99,4.99,4.9,4.94,False,1,1,0,4.87,76.0,41
2847,100.0,99.0,True,9,17,True,True,42.66646,-73.79184,7,0,4,1.0,2.0,2.0,92.0,3,700,3,1125,3.0,1125.0,14,32,62,241,93,25,0,178,26,150,1628.0,80.0,4.91,4.9,4.86,4.98,5.0,4.73,4.85,False,9,9,0,1.75,46.0,22
3997,100.0,98.0,True,4,7,True,True,42.65345,-73.76663,7,0,2,1.0,1.0,1.0,96.0,1,1125,2,1125,3.7,1125.0,0,8,38,312,65,16,2,154,18,96,1621.0,47.0,4.58,4.69,4.68,4.51,4.54,4.52,4.58,False,4,4,0,1.23,96.0,23
2847,100.0,99.0,True,9,17,True,True,42.67156,-73.80883,7,0,3,1.0,1.0,1.0,77.0,3,700,3,700,3.0,700.0,9,14,38,313,71,20,1,154,22,120,1608.0,52.0,4.9,4.92,4.89,4.97,4.99,4.87,4.94,True,9,9,0,1.36,77.0,29
1655,100.0,99.0,True,16,26,True,True,42.6692,-73.79849,15,1,3,1.0,1.0,1.0,90.0,1,32,1,1125,1.0,1125.0,9,16,31,31,172,47,2,31,43,255,1641.0,43.0,4.97,4.97,4.99,4.97,4.99,4.98,4.98,False,15,4,11,3.22,90.0,71
2114,100.0,100.0,False,4,4,True,True,42.656,-73.76123,7,0,4,1.0,2.0,3.0,134.0,2,1125,1,1125,2.9,1091.7,0,5,35,310,21,3,0,151,4,18,1621.0,140.0,4.43,4.67,4.57,4.76,4.71,4.29,4.33,False,4,4,0,0.4,67.0,24
3945,100.0,73.0,True,2,5,True,True,42.66744,-73.79216,7,0,5,2.0,2.0,2.0,125.0,14,365,14,365,14.0,365.0,14,18,25,300,9,2,1,141,2,56,1556.0,56.0,5.0,5.0,4.67,5.0,4.89,4.89,4.89,False,2,2,0,0.18,62.5,23
1637,100.0,99.0,True,7,9,True,True,42.65118,-73.75274,7,0,4,1.0,1.0,2.0,95.0,2,1125,2,1125,2.0,1125.0,19,33,63,243,168,29,0,179,33,174,1614.0,74.0,4.88,4.93,4.97,4.95,4.89,4.9,4.86,True,2,2,0,3.2,95.0,49
1863,100.0,98.0,True,17,17,True,True,42.66261,-73.78332,4,0,6,1.0,3.0,4.0,201.0,1,365,1,1125,1.0,1125.0,26,54,82,357,167,21,2,198,15,126,1615.0,60.0,4.78,4.87,4.95,4.95,4.93,4.47,4.63,False,17,4,13,3.17,67.0,57
1637,100.0,99.0,True,7,9,True,True,42.64982,-73.7509,7,0,6,1.0,2.0,3.0,130.0,1,730,1,730,1.2,730.0,5,5,5,142,228,40,1,81,45,240,1439.0,66.0,4.9,4.96,4.94,4.97,4.92,4.89,4.88,True,2,2,0,4.88,65.0,59
3204,100.0,98.0,True,8,8,True,True,42.65399,-73.78126,15,1,1,1.0,1.0,1.0,41.0,2,180,2,1125,2.0,1125.0,7,27,34,280,76,15,0,121,28,90,1595.0,133.0,4.92,4.95,4.97,4.91,4.96,4.86,4.95,False,8,2,6,1.46,41.0,34
4615,100.0,89.0,True,8,13,True,True,42.66526412963867,-73.78692626953125,4,0,13,5.5,5.0,5.0,511.0,2,1125,2,1125,2.0,1125.0,17,45,75,331,44,14,0,175,12,84,1092.0,76.0,4.95,4.95,4.95,5.0,4.98,4.91,4.93,False,8,8,0,1.25,102.2,67
1589,100.0,92.0,False,3,7,True,True,42.65429,-73.75986,7,0,2,1.0,1.0,1.0,93.0,2,180,1,1125,2.0,1125.0,23,47,77,166,102,3,2,166,11,18,1437.0,61.0,4.7,4.84,4.59,4.85,4.7,4.85,4.75,False,3,3,0,2.19,93.0,43
2714,100.0,67.0,False,2,4,True,True,42.66972,-73.79544,0,0,4,1.0,2.0,3.0,182.0,60,1125,60,1125,60.0,1125.0,0,4,34,308,4,0,0,150,0,0,1386.0,960.0,5.0,5.0,5.0,5.0,5.0,4.75,4.75,False,2,2,0,0.09,91.0,59
3550,100.0,97.0,False,19,19,True,True,42.65888,-73.74673,7,0,3,1.0,1.0,1.0,104.0,1,1125,1,1125,1.3,1125.0,28,50,80,196,89,16,3,196,12,96,1499.0,53.0,4.76,4.83,4.75,4.89,4.9,4.47,4.75,False,18,18,0,1.83,104.0,46
3152,100.0,96.0,True,1,1,True,True,42.66034,-73.77163,7,0,3,1.0,1.0,2.0,105.0,2,1125,2,1125,2.0,1125.0,0,11,11,11,185,25,4,11,37,150,1294.0,41.0,4.97,4.97,4.93,4.99,4.98,4.8,4.91,False,1,1,0,4.42,105.0,53
2626,89.0,13.0,True,9,9,True,True,42.65333,-73.76402,7,0,4,1.0,2.0,2.0,135.0,3,365,3,365,3.0,365.0,30,60,90,365,16,6,1,206,5,36,1493.0,42.0,4.56,4.56,4.38,4.75,4.81,4.81,4.5,False,8,8,0,0.33,67.5,45
3550,100.0,97.0,False,19,19,True,True,42.65901,-73.74748,7,0,2,1.0,1.0,1.0,108.0,1,1125,1,1125,1.3,1125.0,29,54,84,200,45,5,0,200,6,30,1447.0,357.0,4.62,4.8,4.89,4.91,4.82,4.38,4.56,False,18,18,0,0.96,108.0,49
1455,100.0,99.0,False,1,1,True,True,42.66064,-73.76074,19,0,2,1.0,1.0,1.0,65.0,1,1125,1,1125,1.0,1125.0,17,36,62,217,255,35,0,161,39,210,1453.0,92.0,4.75,4.84,4.92,4.81,4.89,4.22,4.7,False,1,1,0,5.4,65.0,41
1443,100.0,76.0,True,1,1,True,True,42.65969,-73.77564,7,0,2,1.0,1.0,1.0,89.0,7,1125,7,1125,7.0,1125.0,15,18,24,113,28,7,0,113,4,98,1362.0,87.0,4.96,4.96,4.82,5.0,5.0,4.96,4.86,False,1,1,0,0.63,89.0,45
1573,100.0,96.0,False,9,11,True,True,42.65061,-73.75006,7,0,2,1.0,1.0,1.0,138.0,4,365,4,1125,4.0,1125.0,30,53,83,262,9,1,0,199,2,8,1408.0,311.0,4.0,4.56,4.22,3.67,4.0,4.56,3.78,False,1,1,0,0.2,138.0,30
3550,100.0,97.0,False,19,19,True,True,42.65856,-73.74866,7,0,3,1.0,1.0,1.0,99.0,1,1125,1,1125,1.3,1125.0,25,48,78,194,78,10,2,194,11,60,1433.0,53.0,4.77,4.85,4.76,4.81,4.82,4.56,4.73,False,18,18,0,1.68,99.0,49
3431,100.0,100.0,True,3,3,True,True,42.65844,-73.74978,7,0,2,1.0,1.0,1.0,89.0,2,365,2,365,2.3,365.0,10,33,63,337,90,13,1,179,19,78,1376.0,52.0,4.77,4.89,4.64,4.93,4.92,4.48,4.8,False,3,3,0,2.02,89.0,44
2715,100.0,100.0,True,4,4,True,True,42.67812,-73.81724,15,1,1,1.0,1.0,1.0,45.0,3,180,1,1125,3.0,1125.0,13,25,41,220,11,1,0,157,0,6,1367.0,135.0,5.0,5.0,4.91,5.0,5.0,5.0,4.91,False,4,1,3,0.25,45.0,64
2847,100.0,99.0,True,9,17,True,True,42.63066,-73.77357,9,0,5,1.0,2.0,2.0,96.0,3,365,3,365,3.0,365.0,17,26,56,145,72,17,3,145,19,102,1389.0,46.0,4.89,4.92,4.92,4.93,4.99,4.72,4.82,False,9,9,0,1.6,48.0,51
3690,100.0,87.0,True,1,1,True,True,42.65641,-73.76413,2,0,2,1.0,0.1,1.0,75.0,1,27,1,1125,1.0,1125.0,15,32,61,61,320,83,8,61,97,255,1369.0,56.0,4.93,4.93,4.9,4.9,4.98,4.87,4.91,False,1,1,0,7.21,750.0,37
2393,99.0,97.0,True,24,38,True,True,42.65674,-73.79221,4,0,6,1.0,3.0,3.0,149.0,2,1125,2,1125,2.0,1125.0,24,39,52,224,135,25,2,161,30,150,1370.0,61.0,4.93,4.9,4.88,4.98,4.96,4.92,4.87,False,22,22,0,3.04,49.666666666666664,47
2393,99.0,97.0,True,24,38,True,True,42.67102,-73.79454,7,0,4,1.0,2.0,2.0,106.0,2,1125,2,1125,2.0,1125.0,25,25,25,25,89,17,1,25,15,102,1377.0,61.0,4.81,4.84,4.88,4.89,4.88,4.81,4.75,False,22,22,0,1.99,53.0,48
2393,99.0,97.0,True,24,38,True,True,42.66236,-73.79245,4,0,12,2.5,5.0,7.0,476.0,2,365,2,1125,2.0,1125.0,18,37,67,240,90,22,1,177,26,132,1369.0,67.0,4.97,4.97,4.97,4.98,4.94,4.93,4.91,False,22,22,0,2.03,95.2,39
2393,99.0,97.0,True,24,38,True,True,42.67242,-73.79292,7,0,4,1.0,2.0,2.0,120.0,1,365,1,365,1.0,365.0,0,1,1,1,85,14,0,1,30,84,1299.0,243.0,4.86,4.89,4.94,4.95,4.87,4.84,4.79,False,22,22,0,2.02,60.0,20
3550,100.0,97.0,False,19,19,True,True,42.65812,-73.74837,7,0,3,1.0,1.0,1.0,104.0,1,1125,1,1125,1.3,1125.0,28,50,80,196,76,12,3,196,15,72,1362.0,52.0,4.7,4.74,4.61,4.76,4.79,4.51,4.62,False,18,18,0,1.72,104.0,48
1832,100.0,99.0,True,3,3,True,True,42.65826,-73.76944,7,0,4,1.0,1.0,2.0,105.0,1,1125,1,1125,1.0,1125.0,6,13,34,289,205,41,3,131,48,246,1358.0,60.0,4.98,4.97,4.99,4.99,5.0,4.97,4.95,False,3,3,0,4.66,105.0,47
2393,99.0,97.0,True,24,38,True,True,42.64369,-73.7581,7,0,2,1.0,1.0,2.0,78.0,2,730,2,730,2.0,730.0,21,21,21,21,62,13,1,21,17,78,1338.0,61.0,4.81,4.84,4.87,4.84,4.81,4.37,4.77,False,22,22,0,1.43,78.0,37
1333,100.0,92.0,True,4,5,True,True,42.65824,-73.80114,10,0,8,1.5,4.0,4.0,205.0,1,28,1,28,1.0,28.0,18,40,70,249,158,35,0,185,53,210,1291.0,92.0,4.94,4.97,4.95,4.96,4.99,4.83,4.89,False,3,3,0,3.78,51.25,57
1333,100.0,92.0,True,4,5,True,True,42.65204,-73.76655,7,0,2,1.0,1.0,1.0,98.0,1,28,1,28,1.0,28.0,20,40,68,339,269,62,7,181,71,255,1312.0,41.0,4.89,4.91,4.81,4.96,4.97,4.78,4.86,False,3,3,0,6.33,98.0,46
3550,100.0,97.0,False,19,19,True,True,42.65913,-73.74722,7,0,5,2.0,2.0,2.0,135.0,1,1125,1,1125,1.3,1125.0,17,32,59,175,119,29,2,175,36,174,1313.0,53.0,4.66,4.78,4.61,4.73,4.82,4.39,4.63,False,18,18,0,2.8,67.5,48
4615,100.0,89.0,True,8,13,True,True,42.674675,-73.822861,1,0,8,2.0,4.0,4.0,343.0,1,1125,1,1125,1.3,1125.0,9,30,60,335,40,19,0,176,19,114,1216.0,94.0,4.98,4.98,4.98,5.0,4.98,4.98,4.95,False,8,8,0,1.02,85.75,76
3663,98.0,99.0,True,14,15,True,True,42.66261,-73.79026,4,0,2,1.0,1.0,2.0,83.0,1,1125,1,365,1.0,365.0,27,54,84,358,105,27,0,200,35,162,1131.0,70.0,4.75,4.78,4.77,4.87,4.94,4.82,4.72,False,11,11,0,2.88,83.0,44
3663,98.0,99.0,True,14,15,True,True,42.65422,-73.76996,9,0,2,1.0,1.0,2.0,110.0,1,1125,1,1125,1.0,412.2,1,25,55,329,69,9,0,171,11,54,1208.0,127.0,4.93,4.93,4.96,4.96,5.0,4.87,4.88,False,11,11,0,1.77,110.0,51
3663,98.0,99.0,True,14,15,True,True,42.65403,-73.77056,9,0,2,1.0,1.0,1.0,92.0,1,1125,1,1125,1.0,327.1,22,39,66,340,133,31,2,182,15,186,1286.0,55.0,4.9,4.96,4.88,4.95,4.96,4.81,4.86,False,11,11,0,3.19,92.0,49
2237,100.0,96.0,True,2,2,True,False,42.65594,-73.76591,9,0,9,2.0,2.0,5.0,144.0,1,730,1,730,1.0,730.0,14,33,56,325,243,40,1,168,45,240,1243.0,60.0,4.98,4.95,4.98,4.97,5.0,4.86,4.95,False,2,2,0,6.04,72.0,59
1334,100.0,98.0,True,1,1,True,True,42.65143,-73.76497,9,0,8,2.0,3.0,4.0,164.0,1,1125,1,1125,1.0,1125.0,11,21,41,303,224,82,6,147,79,255,1215.0,53.0,4.98,4.99,4.96,4.99,5.0,4.95,4.98,False,1,1,0,5.7,54.666666666666664,60
2847,100.0,99.0,True,9,17,True,True,42.65578,-73.78641,9,0,6,1.5,2.0,2.0,97.0,3,365,3,1125,3.0,1125.0,13,24,54,233,56,25,3,170,12,150,1025.0,46.0,4.93,4.93,4.91,4.96,4.98,4.82,4.89,False,9,9,0,1.7,48.5,49
2847,100.0,99.0,True,9,17,True,True,42.65905,-73.77964,7,0,3,1.0,1.0,1.0,77.0,3,365,3,1125,3.0,1125.0,14,20,50,325,57,13,2,166,16,78,1149.0,58.0,4.82,4.86,4.91,4.89,4.98,4.51,4.77,True,9,9,0,1.54,77.0,42
3550,100.0,97.0,False,19,19,True,True,42.65848,-73.76359,5,0,2,1.0,0.1,1.0,92.0,1,365,1,1125,1.3,1125.0,29,53,83,358,45,6,0,199,6,36,1216.0,116.0,4.69,4.78,4.58,4.87,4.78,4.04,4.62,False,18,18,0,1.15,920.0,37
1839,90.0,91.0,True,6,6,True,True,42.64441,-73.75647,7,0,2,1.0,1.0,1.0,118.0,13,365,13,365,13.0,365.0,0,0,28,302,13,2,0,144,4,52,1119.0,250.0,5.0,5.0,4.92,5.0,5.0,4.46,5.0,False,6,6,0,0.36,118.0,35
1655,100.0,99.0,True,16,26,True,True,42.66911,-73.79869,15,1,2,1.0,1.0,2.0,96.0,1,60,1,1125,1.0,1125.0,18,25,46,46,123,25,3,46,41,150,1108.0,42.0,4.97,4.93,5.0,4.88,4.97,4.94,4.94,False,15,4,11,3.45,96.0,75
3752,100.0,89.0,True,3,3,True,True,42.65314,-73.76787,7,0,4,1.0,2.0,2.0,214.0,60,90,2,1125,2.0,1125.0,0,3,27,90,11,3,0,27,4,255,1163.0,262.0,5.0,4.82,4.82,4.91,5.0,4.45,4.73,False,2,2,0,0.29,107.0,47
1333,100.0,92.0,True,4,5,True,True,42.65353,-73.7679,7,0,2,1.0,1.0,1.0,98.0,1,28,1,28,1.0,28.0,17,30,52,321,177,46,5,162,56,255,1166.0,52.0,4.9,4.97,4.85,4.95,4.95,4.78,4.88,False,3,3,0,4.7,98.0,51
4790,80.0,62.0,False,2,2,True,True,42.65547943115234,-73.76625061035156,5,0,3,1.0,2.0,3.0,135.0,5,61,4,61,4.0,61.0,28,51,81,260,8,2,0,197,2,20,985.0,149.0,5.0,5.0,4.75,4.88,5.0,5.0,4.88,False,1,1,0,0.25,67.5,61
1839,90.0,91.0,True,6,6,True,True,42.64489,-73.75731,7,0,2,1.0,1.0,1.0,133.0,13,365,13,365,13.0,365.0,0,3,33,307,10,2,0,149,5,52,1091.0,350.0,5.0,5.0,5.0,5.0,4.8,4.0,5.0,False,6,6,0,0.28,133.0,19
3550,100.0,97.0,False,19,19,True,True,42.64528,-73.75861,7,0,2,1.0,1.0,1.0,99.0,1,365,1,1125,1.3,1125.0,24,48,76,192,57,14,2,192,16,84,1136.0,51.0,4.75,4.88,4.75,4.95,4.88,4.56,4.63,False,18,18,0,1.56,99.0,47
3550,100.0,97.0,False,19,19,True,True,42.64558,-73.75928,7,0,2,1.0,1.0,1.0,98.0,1,365,1,1125,1.3,1125.0,29,50,50,262,57,10,1,103,14,60,1144.0,55.0,4.6,4.79,4.68,4.82,4.88,4.4,4.61,False,18,18,0,1.54,98.0,47
1839,90.0,91.0,True,6,6,True,True,42.64625,-73.75663,7,0,2,1.0,0.1,1.0,90.0,14,365,14,365,14.0,365.0,0,0,0,84,8,3,0,0,3,84,1061.0,233.0,4.75,4.88,4.88,5.0,5.0,4.5,4.63,False,6,6,0,0.23,900.0,19
4900,100.0,94.0,False,4,7,True,False,42.65389,-73.76538,7,0,2,1.0,1.0,1.0,130.0,2,29,2,1125,2.0,1125.0,0,7,37,216,6,3,0,153,5,18,850.0,269.0,5.0,5.0,4.83,4.83,5.0,4.67,4.33,True,3,3,0,0.22,130.0,28
3550,100.0,97.0,False,19,19,True,True,42.65752,-73.74743,7,0,2,1.0,1.0,1.0,104.0,1,365,1,1125,1.3,1125.0,29,54,84,359,51,8,0,200,15,48,1095.0,228.0,4.57,4.76,4.61,4.8,4.92,4.57,4.49,False,18,18,0,1.45,104.0,51
1116,100.0,50.0,False,2,2,True,True,42.6374547,-73.7716647,4,0,4,1.0,3.0,3.0,140.0,7,365,5,1125,5.0,1125.0,0,7,37,312,5,0,0,153,0,0,1097.0,664.0,5.0,5.0,5.0,5.0,5.0,5.0,5.0,False,2,2,0,0.14,46.666666666666664,54
1116,100.0,50.0,False,2,2,True,True,42.6378819,-73.7715269,4,0,4,1.5,4.0,3.0,125.0,14,1125,7,1125,7.0,1125.0,24,54,84,359,2,1,0,200,1,28,1098.0,339.0,5.0,5.0,5.0,5.0,5.0,5.0,5.0,False,2,2,0,0.06,31.25,59
1286,100.0,98.0,True,1,1,True,True,42.65541380925019,-73.76367520540953,7,0,4,1.0,1.0,2.0,109.0,2,1125,2,1125,2.0,1125.0,26,51,75,164,103,25,2,164,32,150,1083.0,52.0,4.9,4.91,4.82,4.95,4.99,4.88,4.83,False,1,1,0,2.95,109.0,44
1655,100.0,99.0,True,16,26,True,True,42.66758,-73.7992,15,1,2,1.5,1.0,1.0,60.0,1,60,1,1125,1.0,1125.0,14,23,44,44,136,34,2,44,39,204,1098.0,55.0,4.98,4.98,5.0,4.93,4.98,4.97,4.96,False,15,4,11,3.85,60.0,64
1655,100.0,99.0,True,16,26,True,True,42.66764,-73.79908,15,1,2,1.5,1.0,1.0,74.0,1,60,1,1125,1.1,1125.0,19,30,51,51,114,27,2,51,29,162,1094.0,53.0,4.93,4.92,4.96,4.94,4.96,4.96,4.93,False,15,4,11,3.24,74.0,67
4909,100.0,99.0,True,3,3,True,True,42.65405765037151,-73.76071299629517,0,0,2,1.0,1.0,1.0,84.0,1,21,1,21,1.1,21.0,14,34,53,317,266,88,10,162,94,255,1063.0,47.0,4.9,4.92,4.92,4.97,4.97,4.89,4.83,False,2,2,0,7.78,84.0,45
4680,100.0,89.0,False,1,2,True,True,42.67075,-73.79704,2,0,7,1.0,3.0,5.0,158.0,3,365,1,1125,3.0,1125.0,13,29,40,156,4,4,0,149,3,24,356.0,69.0,5.0,5.0,5.0,5.0,5.0,5.0,5.0,True,1,1,0,0.38,52.666666666666664,44
1839,90.0,91.0,True,6,6,True,True,42.64577,-73.7583,7,0,2,1.0,1.0,1.0,109.0,13,365,13,365,13.0,365.0,0,3,33,307,8,4,0,149,3,104,932.0,76.0,4.88,5.0,5.0,5.0,4.75,3.75,5.0,False,6,6,0,0.27,109.0,33
2393,99.0,97.0,True,24,38,True,True,42.67261,-73.79262,7,0,4,1.0,2.0,0.0,137.0,1,730,1,730,1.0,730.0,29,29,29,29,65,30,1,29,29,180,993.0,60.0,4.88,4.95,4.98,4.94,4.92,4.86,4.88,False,22,22,0,2.04,68.5,45
4251,100.0,97.0,True,3,3,True,True,42.65691,-73.78389,4,0,8,2.0,4.0,4.0,151.0,1,30,1,1125,1.1,774.0,17,29,52,312,232,80,4,157,94,255,973.0,52.0,4.91,4.92,4.89,4.97,4.94,4.63,4.82,False,3,3,0,7.44,37.75,47
1809,100.0,95.0,True,1,1,True,True,42.6513719,-73.7673156,7,0,2,1.0,1.0,1.0,101.0,2,130,2,130,2.0,130.0,6,14,44,310,64,31,2,152,37,186,683.0,50.0,4.98,5.0,4.97,5.0,5.0,4.61,4.97,False,1,1,0,2.97,101.0,53
878,50.0,67.0,False,4,4,True,True,42.65035,-73.76549,7,0,2,1.0,1.0,1.0,68.0,14,365,14,365,14.0,365.0,4,18,48,295,1,0,0,136,0,0,844.0,844.0,5.0,5.0,5.0,5.0,5.0,5.0,5.0,False,3,3,0,0.04,68.0,11
3591,100.0,99.0,True,11,13,True,True,42.64564,-73.75261,7,0,4,1.0,1.0,1.0,80.0,1,365,1,1125,2.2,1125.0,6,23,53,327,79,29,2,169,37,174,990.0,45.0,4.68,4.81,4.66,4.73,4.85,4.51,4.72,False,9,9,0,2.49,80.0,49
2393,99.0,97.0,True,24,38,True,True,42.66069,-73.78555,7,0,6,1.0,4.0,4.0,157.0,1,1125,1,1125,1.0,1125.0,8,8,8,8,46,8,0,8,12,48,977.0,137.0,4.61,4.54,4.74,4.65,4.83,4.3,4.57,False,22,22,0,1.47,39.25,49
3204,100.0,98.0,True,8,8,True,True,42.6543178,-73.7818222,15,1,1,1.0,1.0,1.0,60.0,2,1125,2,1125,2.0,1125.0,14,41,71,346,38,14,2,187,16,84,993.0,53.0,4.97,5.0,5.0,4.97,5.0,4.92,4.95,False,8,2,6,1.19,60.0,49
999,100.0,97.0,False,3,3,True,True,42.65569,-73.77685,7,0,2,1.0,1.0,1.0,90.0,2,365,1,365,1.7,365.0,5,24,54,329,17,11,1,170,7,66,932.0,55.0,4.71,4.82,4.47,4.71,4.82,4.71,4.59,False,3,3,0,0.57,90.0,42
3394,100.0,100.0,True,2,2,True,True,42.6496,-73.76792,7,0,2,1.0,1.0,1.0,77.0,2,1125,2,1125,2.0,1125.0,16,36,66,341,32,19,3,182,17,114,825.0,47.0,4.97,5.0,4.94,4.97,5.0,4.84,4.97,True,2,2,0,1.22,77.0,48
2286,100.0,75.0,False,1,1,True,True,42.64284,-73.77997,7,0,4,1.0,2.0,2.0,107.0,1,30,1,1125,1.0,1125.0,0,0,0,251,17,1,0,92,6,6,965.0,345.0,4.65,4.82,4.88,4.59,4.82,4.65,4.82,False,1,1,0,0.55,53.5,38
988,100.0,100.0,True,1,1,True,True,42.66648,-73.76831,7,0,4,1.0,2.0,2.0,115.0,2,1125,2,1125,2.0,1125.0,24,47,77,351,27,8,0,193,13,48,879.0,151.0,4.96,4.96,4.96,5.0,5.0,4.44,4.93,False,1,1,0,0.96,57.5,40
2272,95.0,90.0,True,2,2,True,False,42.64439384900326,-73.75975701534425,0,0,4,1.0,2.0,2.0,156.0,2,1125,2,1125,2.0,1125.0,11,31,57,332,84,31,1,173,45,186,872.0,68.0,4.82,4.89,4.85,4.93,4.96,4.58,4.79,False,2,2,0,3.02,78.0,52
2272,95.0,90.0,True,2,2,True,False,42.6444412,-73.75971410000001,0,0,4,1.0,2.0,2.0,97.0,2,365,2,1125,2.0,1125.0,24,48,76,351,88,45,2,192,55,255,823.0,60.0,4.81,4.8,4.83,4.91,4.89,4.63,4.78,False,2,2,0,3.36,48.5,54
3364,100.0,75.0,False,2,2,True,True,42.65259,-73.76732,16,1,1,1.0,1.0,1.0,47.0,5,365,5,365,5.0,365.0,13,34,59,231,17,2,0,168,3,20,928.0,140.0,4.94,4.88,4.71,4.94,5.0,4.88,4.88,False,2,0,2,0.57,47.0,42
2626,89.0,13.0,True,9,9,True,True,42.65534,-73.76461,7,0,2,1.0,1.0,1.0,65.0,7,365,7,365,7.0,365.0,0,0,0,158,14,2,0,0,4,28,965.0,108.0,5.0,4.86,4.93,5.0,4.93,5.0,4.79,False,8,8,0,0.45,65.0,42
2393,99.0,97.0,True,24,38,True,True,42.67261,-73.79262,7,0,4,1.0,2.0,2.0,140.0,2,365,2,365,2.0,365.0,16,16,16,16,51,20,2,16,20,120,873.0,53.0,4.96,4.96,4.84,4.98,4.9,4.92,4.88,False,22,22,0,1.83,70.0,37
3663,98.0,99.0,True,14,15,True,True,42.65405,-73.76953,7,0,2,1.0,1.0,1.0,98.0,1,1125,1,1125,1.0,547.2,11,12,12,262,45,12,0,104,24,72,943.0,75.0,4.91,4.91,4.84,4.98,5.0,4.84,4.89,True,11,11,0,1.49,98.0,16
4459,100.0,76.0,True,2,3,True,True,42.66117,-73.79091,15,1,1,1.0,1.0,1.0,77.0,1,10,1,10,1.0,10.0,5,25,54,54,31,20,0,54,22,120,959.0,182.0,5.0,4.97,4.94,4.97,5.0,4.94,5.0,False,2,0,2,1.01,77.0,54
2260,100.0,97.0,True,1,1,True,True,42.6601,-73.80719,4,0,2,1.0,1.0,1.0,63.0,1,90,5,90,5.0,90.0,16,41,71,250,62,17,2,187,21,102,928.0,57.0,4.89,4.94,4.9,4.98,4.98,4.95,4.87,False,1,1,0,2.09,63.0,37
942,91.0,92.0,False,1,1,True,True,42.66298,-73.81361,15,1,1,1.0,1.0,1.0,46.0,1,5,1,5,1.0,5.0,14,35,64,64,18,5,2,64,4,30,883.0,41.0,4.78,4.83,4.78,4.78,4.78,4.78,4.78,False,1,0,1,0.64,46.0,13
2626,89.0,13.0,True,9,9,True,True,42.65653,-73.76223,7,0,2,1.0,1.0,1.0,97.0,1,365,1,365,1.0,365.0,29,57,87,361,3,0,0,203,1,0,706.0,537.0,5.0,5.0,5.0,5.0,5.0,4.33,5.0,False,8,8,0,0.13,97.0,27
2626,89.0,13.0,True,9,9,True,True,42.65322,-73.76249,7,0,2,1.0,1.0,1.0,128.0,7,365,7,365,7.0,365.0,30,52,82,356,4,1,0,198,3,14,654.0,250.0,4.5,4.25,4.25,4.75,5.0,5.0,4.5,False,8,8,0,0.19,128.0,35
2293,100.0,83.0,True,1,2,True,True,42.6591503133547,-73.75431932508945,7,0,4,1.0,1.0,1.0,86.0,2,1125,2,1125,2.0,1125.0,3,3,17,253,36,3,0,133,5,18,895.0,311.0,4.75,4.89,4.86,4.86,4.86,4.25,4.64,False,1,1,0,1.26,86.0,53
1863,100.0,98.0,True,17,17,True,True,42.6653,-73.7943,4,0,8,2.0,3.0,4.0,227.0,1,365,1,1125,1.0,1125.0,15,36,66,341,110,46,3,182,52,255,871.0,53.0,4.95,4.95,4.95,4.92,4.94,4.79,4.88,False,17,4,13,3.96,75.66666666666667,54
2393,99.0,97.0,True,24,38,True,True,42.64409,-73.75709,7,0,4,1.5,2.0,0.0,128.0,1,365,1,365,1.0,365.0,0,0,0,0,67,20,1,0,25,120,928.0,61.0,4.82,4.82,4.9,4.9,4.84,4.18,4.76,False,22,22,0,2.26,64.0,19
3987,100.0,100.0,True,2,2,True,True,42.67283,-73.77367,7,0,6,1.0,3.0,3.0,91.0,3,1125,3,1125,3.0,1125.0,18,36,59,297,14,7,0,152,7,42,781.0,81.0,4.43,4.79,4.93,4.86,4.93,3.79,4.64,True,1,1,0,0.56,30.333333333333332,46
927,83.0,100.0,False,7,7,True,True,42.656329,-73.7752048,4,0,15,7.0,7.0,8.0,821.0,1,365,1,1125,1.0,1125.0,10,18,42,144,5,3,0,144,4,18,704.0,333.0,4.6,4.8,4.4,4.4,4.6,4.6,5.0,True,6,1,5,0.22,117.28571428571429,54
3260,100.0,100.0,False,2,9,True,True,42.65741,-73.78034,15,1,2,1.0,1.0,1.0,56.0,2,29,2,1125,2.1,1125.0,27,57,87,111,14,3,0,111,4,18,900.0,290.0,4.93,5.0,5.0,4.86,4.93,4.93,4.93,True,2,0,2,0.49,56.0,35
927,83.0,100.0,False,7,7,True,True,42.65751,-73.77409,11,1,2,1.0,1.0,1.0,163.0,1,365,1,1125,1.0,1125.0,19,37,65,178,6,1,0,178,2,6,711.0,277.0,4.33,4.83,4.5,4.67,4.17,4.67,4.17,True,6,1,5,0.27,163.0,38
3945,100.0,73.0,True,2,5,True,True,42.66691,-73.79338,7,0,6,2.0,3.0,3.0,125.0,14,365,14,365,14.0,365.0,14,26,56,330,3,2,0,172,2,56,758.0,250.0,5.0,5.0,5.0,5.0,5.0,5.0,5.0,False,2,2,0,0.12,41.666666666666664,23
2237,100.0,96.0,True,2,2,True,False,42.6702921,-73.7907283,4,0,10,1.0,3.0,4.0,146.0,1,730,1,730,1.0,730.0,11,22,45,308,20,14,2,152,8,84,480.0,58.0,5.0,4.9,5.0,4.95,4.95,4.95,5.0,False,2,2,0,1.35,48.666666666666664,70
927,83.0,100.0,False,7,7,True,True,42.656329,-73.775205,11,1,2,1.0,1.0,2.0,132.0,1,365,1,1125,1.0,1125.0,20,40,68,177,6,2,0,177,3,12,726.0,279.0,4.67,4.83,4.83,4.67,4.67,4.5,4.83,True,6,1,5,0.26,132.0,41
927,83.0,100.0,False,7,7,True,True,42.656329,-73.775205,11,1,2,1.0,1.0,1.0,128.0,1,365,1,1125,1.0,1125.0,20,34,62,174,9,2,0,174,5,12,731.0,261.0,4.44,4.56,4.67,4.78,4.11,4.22,4.22,True,6,1,5,0.39,128.0,46
2714,100.0,67.0,False,2,4,True,True,42.65613971519499,-73.79212237894535,7,0,4,1.0,2.0,2.0,86.0,30,365,30,365,30.0,365.0,0,0,20,109,1,1,0,109,0,60,74.0,74.0,5.0,5.0,5.0,5.0,5.0,4.0,5.0,False,2,2,0,0.81,43.0,30
3071,100.0,81.0,True,5,5,True,True,42.67144,-73.79033,16,1,2,1.0,1.0,1.0,45.0,7,365,7,365,7.0,365.0,22,52,82,356,17,7,1,198,2,98,714.0,40.0,4.82,4.82,4.88,4.71,4.76,4.82,4.82,False,5,0,5,0.75,45.0,38
3663,98.0,99.0,True,14,15,True,True,42.65258,-73.76917,7,0,2,1.0,1.0,1.0,92.0,1,1125,1,1125,1.0,387.9,18,44,74,348,40,10,1,190,6,60,890.0,65.0,4.73,4.83,4.75,4.73,4.93,4.8,4.8,False,11,11,0,1.41,92.0,15
2690,100.0,0.0,False,2,2,True,True,42.66109,-73.80479,15,1,1,1.0,1.0,1.0,52.0,2,1125,2,1125,2.0,1125.0,0,0,0,250,3,0,0,92,0,0,863.0,595.0,5.0,5.0,5.0,5.0,5.0,5.0,5.0,False,2,0,2,0.11,52.0,40
999,100.0,97.0,False,3,3,True,True,42.65613,-73.77469,7,0,5,1.0,2.0,2.0,91.0,1,365,1,365,1.0,365.0,26,46,74,348,32,15,2,190,4,90,878.0,46.0,4.56,4.56,4.53,4.72,4.78,4.63,4.63,False,3,3,0,1.14,45.5,41
2524,100.0,95.0,True,1,1,True,False,42.67076,-73.82612,4,0,9,2.0,5.0,5.0,246.0,2,28,2,1125,2.0,1125.0,19,38,68,330,103,40,4,175,44,240,858.0,40.0,4.94,4.95,4.92,5.0,4.96,4.88,4.86,False,1,1,0,3.76,49.2,55
1142,0.0,18.0,False,2,2,True,False,42.66008,-73.76977,7,0,4,1.0,2.0,2.0,137.0,3,365,3,365,3.0,365.0,30,52,82,356,6,2,0,198,5,12,682.0,373.0,4.33,4.5,4.5,4.5,4.83,3.83,4.17,False,2,2,0,0.28,68.5,9
1142,0.0,18.0,False,2,2,True,False,42.65987,-73.77025,7,0,4,1.0,2.0,2.0,120.0,3,365,3,365,3.0,365.0,30,53,83,357,12,0,0,199,0,0,750.0,592.0,4.5,4.83,4.67,4.5,4.92,3.58,4.25,False,2,2,0,0.5,60.0,17
2626,89.0,13.0,True,9,9,True,True,42.65483,-73.76353,7,0,4,1.0,3.0,2.0,122.0,1,365,1,365,1.0,365.0,8,33,63,337,2,0,0,179,0,0,849.0,682.0,3.5,3.0,3.5,3.0,4.5,5.0,3.5,False,8,8,0,0.07,40.666666666666664,14
2224,100.0,98.0,True,1,2,True,True,42.63504,-73.79833,4,0,8,2.0,4.0,5.0,320.0,2,30,1,1125,1.4,1125.0,11,20,38,159,116,50,6,116,49,255,845.0,39.0,4.97,4.97,4.96,4.97,4.98,4.84,4.89,False,1,1,0,4.31,80.0,71
3529,100.0,94.0,True,1,2,True,True,42.67336,-73.78619,7,0,7,2.0,3.0,3.0,221.0,3,1125,3,1125,3.0,1125.0,0,0,0,158,19,4,0,0,7,24,825.0,174.0,4.68,4.79,4.74,4.68,4.84,4.42,4.68,True,1,1,0,0.72,73.66666666666667,36
4900,100.0,94.0,False,4,7,True,False,42.65432,-73.76531,7,0,4,2.0,2.0,0.0,270.0,2,28,2,28,2.0,28.0,0,0,0,155,2,1,0,92,1,6,515.0,150.0,5.0,5.0,5.0,5.0,5.0,5.0,5.0,False,3,3,0,0.13,135.0,32
3046,100.0,100.0,True,1,1,True,True,42.6446,-73.75885,17,1,3,1.0,1.0,2.0,86.0,1,30,1,1125,1.0,1125.0,20,28,57,327,174,83,5,168,90,255,832.0,40.0,4.98,4.96,4.98,4.99,5.0,4.71,4.95,True,1,0,1,6.57,86.0,73
3979,100.0,84.0,True,8,8,True,True,42.67177,-73.79464,15,1,1,1.5,1.0,1.0,61.0,4,89,4,89,4.0,89.0,3,3,3,85,16,10,1,85,8,80,717.0,56.0,5.0,5.0,5.0,4.94,5.0,4.88,4.88,False,8,1,7,0.71,61.0,48
3431,100.0,100.0,True,3,3,True,True,42.65817,-73.74935,7,0,2,1.0,1.0,1.0,89.0,2,365,3,365,3.7,365.0,25,43,73,347,22,8,1,189,8,48,785.0,61.0,4.82,4.82,4.77,4.91,4.91,4.64,4.86,False,3,3,0,0.88,89.0,43
2690,100.0,0.0,False,2,2,True,True,42.66128,-73.80548,15,1,1,1.0,1.0,1.0,52.0,3,1125,2,1125,2.0,1125.0,0,0,6,280,4,0,0,122,2,0,655.0,502.0,5.0,5.0,5.0,5.0,5.0,5.0,5.0,False,2,0,2,0.19,52.0,36
3663,98.0,99.0,True,14,15,True,True,42.65379,-73.76901,7,0,2,1.0,1.0,1.0,100.0,1,1125,1,1125,1.0,539.9,0,0,6,280,20,12,0,122,7,72,807.0,97.0,4.85,4.85,4.75,4.9,5.0,4.95,4.75,False,11,11,0,0.78,100.0,23
807,100.0,98.0,True,1,1,True,True,42.6599733,-73.7747433,7,0,3,1.0,1.0,1.0,64.0,2,90,2,1125,2.0,1125.0,22,44,74,253,61,18,0,190,31,108,791.0,152.0,4.8,4.85,4.87,4.77,4.87,4.62,4.62,False,1,1,0,2.43,64.0,24
1158,40.0,57.0,False,2,2,True,True,42.66246,-73.76576,16,1,1,1.0,1.0,2.0,36.0,1,1125,1,1125,1.0,1125.0,23,49,79,353,27,8,1,195,12,48,772.0,62.0,4.74,4.7,4.7,4.93,5.0,4.11,4.67,False,2,0,2,1.1,36.0,39
1158,40.0,57.0,False,2,2,True,True,42.6628771,-73.76534029999999,16,1,2,1.5,1.0,1.0,46.0,1,365,1,365,1.0,365.0,30,52,82,356,29,14,0,198,18,84,790.0,244.0,4.83,4.83,4.72,5.0,4.97,4.38,4.83,False,2,0,2,1.16,46.0,26
785,100.0,97.0,True,1,2,True,True,42.66087,-73.78655,4,0,11,2.0,5.0,6.0,200.0,2,90,2,1125,2.0,1125.0,28,44,71,250,53,14,1,187,20,84,759.0,53.0,4.79,4.87,4.85,4.92,4.91,4.75,4.85,False,1,1,0,2.2,40.0,53
3550,100.0,97.0,False,19,19,True,True,42.64787,-73.76707,7,0,5,1.0,2.0,2.0,140.0,1,365,1,365,1.4,365.0,21,41,71,345,49,13,0,187,26,78,759.0,141.0,4.78,4.76,4.73,4.76,4.86,4.61,4.65,False,18,18,0,2.04,70.0,49
4615,100.0,89.0,True,8,13,True,True,42.6652959,-73.7868778,7,0,5,2.0,1.0,2.0,239.0,1,730,1,730,1.0,730.0,30,60,90,269,18,4,0,206,11,24,767.0,221.0,5.0,5.0,5.0,5.0,5.0,4.89,4.94,False,8,8,0,0.74,239.0,57
1863,100.0,98.0,True,17,17,True,True,42.66217,-73.78299,4,0,8,1.0,4.0,4.0,203.0,1,365,1,1125,1.0,1125.0,28,49,79,353,66,34,4,194,41,204,734.0,53.0,4.77,4.88,4.92,4.92,4.92,4.59,4.8,False,17,4,13,2.84,50.75,54
755,100.0,48.0,True,4,6,True,True,42.6586,-73.75743,7,0,2,1.0,1.0,1.0,103.0,14,365,7,365,7.0,365.0,9,39,69,248,3,1,0,185,1,28,708.0,208.0,4.67,3.67,4.67,4.67,5.0,3.0,4.33,False,3,3,0,0.13,103.0,34
1276,100.0,98.0,True,3,3,True,False,42.67066,-73.79571,7,0,4,1.0,1.0,2.0,63.0,1,365,1,1125,3.0,1125.0,9,19,23,180,67,38,1,136,42,228,719.0,56.0,4.81,4.88,4.84,4.94,4.94,4.87,4.82,True,2,2,0,2.95,63.0,52
2393,99.0,97.0,True,24,38,True,True,42.67261,-73.79264,7,0,2,1.0,1.0,1.0,143.0,1,365,1,365,1.0,365.0,29,29,29,29,43,26,1,29,35,156,732.0,59.0,4.86,4.95,4.98,4.91,4.93,4.77,4.81,False,22,22,0,1.86,143.0,44
2393,99.0,97.0,True,24,38,True,True,42.67224,-73.79301,7,0,4,1.0,2.0,0.0,106.0,1,365,1,365,1.0,365.0,25,25,25,25,41,22,0,25,26,132,725.0,95.0,4.63,4.8,4.83,4.71,4.76,4.61,4.71,False,22,22,0,1.79,53.0,39
731,100.0,98.0,False,12,13,True,False,42.65867,-73.77479,20,1,2,1.0,1.0,1.0,165.0,1,365,1,365,1.0,365.0,14,33,60,233,2,0,0,173,0,0,683.0,564.0,5.0,5.0,5.0,5.0,5.0,5.0,5.0,True,12,1,11,0.09,165.0,17
731,100.0,98.0,False,12,13,True,False,42.6606,-73.77284,20,1,2,1.0,1.0,1.0,155.0,1,1125,1,1125,1.0,1125.0,19,34,60,233,7,2,0,173,6,12,648.0,274.0,5.0,4.86,5.0,5.0,4.86,5.0,4.86,True,12,1,11,0.34,155.0,22
731,100.0,98.0,False,12,13,True,False,42.65908,-73.77456,20,1,2,1.0,1.0,1.0,165.0,1,365,1,365,1.0,365.0,20,40,68,241,7,3,0,181,2,18,704.0,156.0,4.71,5.0,4.86,4.86,4.86,5.0,4.71,True,12,1,11,0.31,165.0,23
731,100.0,98.0,False,12,13,True,False,42.66043,-73.77432,20,1,2,1.0,1.0,1.0,165.0,1,365,1,365,1.0,365.0,20,38,66,239,2,2,0,179,2,12,318.0,278.0,4.5,5.0,5.0,5.0,5.0,4.0,5.0,True,12,1,11,0.21,165.0,23
731,100.0,98.0,False,12,13,True,False,42.65847,-73.77272,20,1,2,1.0,1.0,1.0,165.0,1,365,1,365,1.0,365.0,20,38,66,239,6,4,0,179,4,24,634.0,75.0,4.33,4.33,4.67,4.33,4.17,4.33,3.67,True,12,1,11,0.3,165.0,22
731,100.0,98.0,False,12,13,True,False,42.66036,-73.7729,3,0,6,2.0,3.0,4.0,313.0,1,365,1,365,1.0,365.0,21,39,63,217,16,7,0,160,11,42,708.0,197.0,4.88,4.69,4.69,4.81,4.75,4.88,4.69,True,12,1,11,0.72,104.33333333333333,42
3071,100.0,81.0,True,5,5,True,True,42.6708367,-73.7853116,15,1,1,1.0,1.0,1.0,50.0,7,365,7,365,7.0,365.0,27,57,87,362,25,11,0,203,15,154,722.0,90.0,4.84,4.92,4.76,4.92,5.0,4.96,4.88,False,5,0,5,1.09,50.0,42
3071,100.0,81.0,True,5,5,True,True,42.66974,-73.78611,15,1,1,1.0,1.0,1.0,39.0,5,365,2,365,5.0,365.0,1,28,58,332,34,14,1,174,23,140,725.0,46.0,5.0,4.97,4.82,4.85,4.97,4.97,4.91,False,5,0,5,1.48,39.0,36
2969,100.0,94.0,True,3,3,True,True,42.67398,-73.79126,7,0,4,1.0,2.0,2.0,162.0,3,365,3,365,3.0,365.0,29,59,89,268,9,7,0,205,8,42,453.0,150.0,5.0,5.0,5.0,4.78,5.0,4.89,4.89,False,1,1,0,0.65,81.0,48
2715,100.0,100.0,True,4,4,True,True,42.68001107488553,-73.81705995884008,15,1,2,1.0,1.0,1.0,58.0,3,365,3,365,3.0,365.0,0,9,38,38,6,3,0,38,3,18,694.0,99.0,5.0,5.0,5.0,5.0,5.0,5.0,4.83,False,4,1,3,0.27,58.0,64
3071,100.0,81.0,True,5,5,True,True,42.67034,-73.7851,15,1,2,2.0,1.0,1.0,54.0,7,365,7,365,7.0,365.0,0,0,23,297,19,12,1,139,17,168,550.0,46.0,5.0,5.0,5.0,5.0,5.0,5.0,5.0,False,5,0,5,1.11,54.0,34
4909,100.0,99.0,True,3,3,True,True,42.6541815,-73.76086049999999,7,0,4,1.0,2.0,2.0,104.0,1,30,1,1125,1.1,1125.0,15,24,47,304,172,90,4,146,102,255,698.0,56.0,4.92,4.96,4.89,4.97,4.98,4.92,4.9,False,2,2,0,7.81,52.0,46
2487,100.0,95.0,True,1,1,True,True,42.6549886,-73.79390939999999,4,0,4,1.0,2.0,2.0,126.0,1,365,1,1125,1.0,1125.0,13,13,13,88,118,60,4,25,73,255,698.0,57.0,4.98,4.96,4.97,4.98,4.97,4.91,4.93,False,1,1,0,5.36,63.0,54
2715,100.0,100.0,True,4,4,True,True,42.678962799458816,-73.81724461913109,4,0,3,1.0,1.0,2.0,116.0,3,365,3,365,3.0,365.0,0,0,0,246,19,12,0,88,18,72,601.0,212.0,4.84,4.84,4.74,5.0,4.79,4.95,4.68,False,4,1,3,1.01,116.0,61
2621,100.0,98.0,True,1,1,True,True,42.65241,-73.77002,7,0,2,1.0,1.0,1.0,89.0,1,1125,1,1125,1.0,1125.0,26,48,78,352,100,66,3,194,66,255,688.0,48.0,4.86,4.91,4.8,4.91,4.91,4.71,4.8,True,1,1,0,4.61,89.0,39
1713,100.0,85.0,True,1,1,True,True,42.67059,-73.81678,7,0,4,1.0,2.0,2.0,136.0,28,365,2,365,26.5,365.0,19,24,54,144,21,14,0,144,17,255,661.0,197.0,4.9,4.9,5.0,4.9,4.95,4.81,4.76,False,1,1,0,1.01,68.0,53
1655,100.0,99.0,True,16,26,True,True,42.66877,-73.79927,15,1,2,4.0,1.0,1.0,55.0,1,365,1,1125,1.0,1125.0,4,16,46,320,123,108,8,162,82,255,624.0,46.0,4.86,4.94,4.96,4.87,4.92,4.93,4.86,False,15,4,11,6.29,55.0,53
2355,100.0,97.0,False,1,7,True,True,42.65312775001394,-73.76950465142727,7,0,2,1.0,2.0,3.0,91.0,1,365,1,1125,1.0,1125.0,10,18,38,300,25,14,2,144,17,84,643.0,50.0,4.96,5.0,4.92,4.84,4.88,4.96,5.0,False,1,1,0,1.24,45.5,53
3089,100.0,50.0,False,1,1,True,True,42.66628,-73.76512,7,0,4,1.0,2.0,4.0,116.0,2,28,2,28,2.0,28.0,24,47,76,76,4,0,0,76,3,0,634.0,455.0,4.0,4.25,4.0,4.0,4.5,3.75,4.0,False,1,1,0,0.2,58.0,55
3331,100.0,90.0,True,1,1,True,True,42.65515515851637,-73.76052582647431,7,0,3,1.0,1.0,2.0,77.0,30,180,30,180,30.0,180.0,4,9,39,218,7,5,0,155,3,255,653.0,88.0,5.0,5.0,5.0,5.0,5.0,5.0,5.0,False,1,1,0,0.34,77.0,20
2847,100.0,99.0,True,9,17,True,True,42.67098,-73.80695,7,0,4,1.0,2.0,2.0,100.0,3,365,3,1125,3.0,1125.0,3,30,60,239,18,6,1,176,11,36,649.0,59.0,4.83,4.83,4.89,4.94,5.0,4.83,4.83,True,9,9,0,0.88,50.0,43
1060,100.0,100.0,True,1,5,True,True,42.64485687096462,-73.77281881169621,9,0,8,3.5,4.0,13.0,222.0,2,365,1,1125,2.0,1125.0,13,31,38,45,9,3,3,38,6,18,524.0,53.0,4.89,4.78,4.89,5.0,5.0,4.67,4.89,False,1,1,0,0.55,55.5,65
706,100.0,98.0,True,2,2,True,False,42.65762,-73.75116,7,0,2,1.0,1.0,1.0,90.0,1,120,1,1125,1.4,1125.0,12,30,52,191,35,24,3,136,27,144,638.0,46.0,4.94,4.91,4.86,4.94,4.86,4.8,4.86,False,2,2,0,1.75,90.0,45
3745,100.0,98.0,True,1,1,True,True,42.6555,-73.81066,4,0,6,2.0,3.0,3.0,163.0,2,21,2,1125,2.0,1125.0,17,30,56,223,55,45,5,160,41,255,516.0,52.0,5.0,4.98,4.98,5.0,5.0,4.96,5.0,False,1,1,0,3.44,54.333333333333336,57
3591,100.0,99.0,True,11,13,True,True,42.64534889999999,-73.75364650000002,7,0,12,3.0,4.0,4.0,196.0,1,365,1,1125,2.2,1125.0,22,38,68,342,64,44,4,184,39,255,627.0,44.0,4.81,4.86,4.84,4.86,4.91,4.53,4.77,False,9,9,0,3.25,49.0,57
1655,100.0,99.0,True,16,26,True,True,42.67003,-73.79771,15,1,1,3.0,1.0,1.0,51.0,1,365,1,1125,1.0,1125.0,0,0,22,296,64,33,4,138,41,198,622.0,53.0,4.86,4.86,4.91,4.88,4.89,4.89,4.84,False,15,4,11,3.28,51.0,33
1655,100.0,99.0,True,16,26,True,True,42.66971,-73.79755,15,1,1,3.0,1.0,1.0,51.0,1,365,1,1125,1.0,1125.0,26,53,79,353,70,41,5,195,40,246,620.0,42.0,4.87,4.8,4.91,4.81,4.86,4.9,4.83,False,15,4,11,3.6,51.0,61
1655,100.0,99.0,True,16,26,True,True,42.66873,-73.7993,15,1,2,3.0,1.0,1.0,59.0,1,365,1,1125,1.1,1125.0,0,16,46,317,22,6,0,159,10,36,619.0,182.0,5.0,5.0,4.95,5.0,5.0,4.95,4.95,False,15,4,11,1.13,59.0,52
3612,100.0,99.0,False,8,9,True,True,42.65539,-73.76416,7,0,3,1.0,0.1,1.0,70.0,1,365,1,1125,1.8,1125.0,22,33,33,33,41,29,0,33,27,174,620.0,69.0,4.71,4.78,4.61,4.8,4.83,4.78,4.73,True,7,7,0,2.11,700.0,44
719,100.0,82.0,False,2,3,True,True,42.6459,-73.75828,9,0,4,1.5,2.0,2.0,102.0,1,1125,1,1125,1.0,1125.0,3,14,40,40,1,1,0,40,0,6,175.0,175.0,5.0,5.0,4.0,4.0,5.0,4.0,5.0,False,2,1,1,0.22,51.0,42
1655,100.0,99.0,True,16,26,True,True,42.66792031298625,-73.79895760671212,15,1,2,3.0,1.0,1.0,56.0,1,365,1,365,1.0,365.0,24,45,74,253,16,0,0,190,8,0,607.0,501.0,5.0,5.0,4.94,5.0,5.0,4.94,5.0,False,15,4,11,0.84,56.0,52
1655,100.0,99.0,True,16,26,True,True,42.66996,-73.79816,15,1,2,3.0,1.0,1.0,67.0,1,365,1,365,1.0,365.0,27,48,76,350,86,48,5,192,67,255,613.0,46.0,4.93,4.93,4.9,4.95,4.97,4.92,4.98,False,15,4,11,4.48,67.0,52
3663,98.0,99.0,True,14,15,True,True,42.6535,-73.77046,7,0,2,1.0,1.0,1.0,79.0,1,1125,1,1125,1.0,371.2,24,44,74,348,61,33,1,190,48,198,606.0,56.0,4.75,4.87,4.59,4.93,4.95,4.9,4.74,False,11,11,0,3.22,79.0,14
2390,100.0,100.0,False,6,6,True,True,42.64714,-73.75466,7,0,2,1.0,0.1,1.0,65.0,1,14,1,14,1.0,14.0,19,33,63,237,142,96,5,174,111,255,588.0,47.0,4.64,4.79,4.79,4.85,4.83,3.87,4.56,False,6,6,0,7.73,650.0,39
3550,100.0,97.0,False,19,19,True,True,42.6586,-73.76421,7,0,3,1.0,1.0,1.0,107.0,1,365,1,365,1.0,365.0,25,47,77,193,21,16,1,193,15,96,599.0,60.0,4.76,4.71,4.67,4.43,4.81,4.14,4.57,False,18,18,0,1.12,107.0,40
3550,100.0,97.0,False,19,19,True,True,42.65971,-73.76382,7,0,3,1.0,1.0,1.0,107.0,1,365,1,1125,1.3,1125.0,28,51,81,355,29,17,1,197,24,102,592.0,67.0,4.59,4.76,4.79,4.66,4.72,4.1,4.72,False,18,18,0,1.57,107.0,39
910,100.0,95.0,True,3,3,True,False,42.66838,-73.77868,4,0,6,1.0,3.0,3.0,116.0,1,1125,1,1125,1.0,1125.0,1,3,11,11,83,54,3,11,68,255,592.0,53.0,4.86,4.82,4.83,4.95,4.95,4.39,4.81,False,1,1,0,4.49,38.666666666666664,49
2985,100.0,85.0,True,3,3,True,True,42.65711,-73.75133,7,0,4,2.0,2.0,2.0,91.0,14,365,14,365,14.0,365.0,3,10,39,39,2,2,0,39,2,56,351.0,319.0,4.5,4.5,4.0,5.0,5.0,5.0,4.5,False,1,1,0,0.19,45.5,47
3612,100.0,99.0,False,8,9,True,True,42.65447,-73.76078,7,0,3,1.0,0.1,1.0,67.0,1,365,1,1125,1.0,1125.0,23,50,50,50,48,29,0,50,40,174,563.0,72.0,4.79,4.75,4.6,4.83,4.85,4.88,4.73,True,7,7,0,2.74,670.0,48
2512,100.0,100.0,False,1,2,False,True,42.63976,-73.75705,7,0,4,1.0,2.0,2.0,115.0,1,1125,1,1125,1.0,1125.0,25,45,68,68,19,10,0,68,18,60,522.0,135.0,4.21,4.32,4.53,4.79,4.74,4.05,4.37,True,1,1,0,1.18,57.5,34
3490,100.0,83.0,False,2,2,True,False,42.64081,-73.77463,4,0,4,1.0,2.0,2.0,114.0,30,365,6,365,29.6,365.0,0,0,0,220,9,6,0,61,6,255,562.0,90.0,4.89,5.0,4.78,5.0,5.0,4.78,5.0,False,1,1,0,0.51,57.0,35
567,100.0,100.0,False,1,1,True,False,42.7149,-73.87649,15,1,4,1.5,1.0,1.0,101.0,2,365,2,365,2.0,365.0,29,59,89,268,1,1,0,205,1,6,264.0,264.0,5.0,5.0,5.0,5.0,5.0,5.0,5.0,False,1,0,1,0.13,101.0,16
3591,100.0,99.0,True,11,13,True,True,42.64418,-73.75316,9,0,16,4.0,5.0,5.0,337.0,1,365,1,1125,2.4,1125.0,6,21,51,325,18,13,1,167,13,78,510.0,61.0,4.61,4.72,4.44,4.89,4.67,4.67,4.61,True,9,9,0,1.14,67.4,60
3979,100.0,84.0,True,8,8,True,True,42.67096,-73.79514,15,1,1,1.5,1.0,1.0,51.0,4,89,4,89,4.0,89.0,0,11,41,130,12,10,0,130,10,80,532.0,150.0,5.0,5.0,5.0,4.92,5.0,5.0,5.0,False,8,1,7,0.73,51.0,49
636,100.0,96.0,True,1,1,False,True,42.67908,-73.79505,4,0,5,1.0,2.0,2.0,140.0,2,14,2,14,2.0,14.0,5,8,12,121,24,14,1,58,19,84,529.0,67.0,4.96,4.96,5.0,4.96,4.75,4.92,4.96,False,1,1,0,1.46,70.0,44
755,100.0,48.0,True,4,6,True,True,42.65975,-73.76311,7,0,4,1.0,1.0,1.0,70.0,14,365,14,365,14.0,365.0,29,32,62,241,1,1,0,178,1,28,235.0,235.0,5.0,5.0,5.0,5.0,5.0,5.0,5.0,False,3,3,0,0.15,70.0,31
2393,99.0,97.0,True,24,38,True,True,42.65988,-73.78486,7,0,4,1.0,2.0,2.0,136.0,2,365,2,365,2.0,365.0,30,30,30,30,17,11,1,30,15,66,478.0,60.0,4.59,4.71,4.53,4.94,4.94,4.41,4.41,False,22,22,0,1.16,68.0,40
2393,99.0,97.0,True,24,38,True,True,42.64409,-73.75709,7,0,2,1.5,1.0,0.0,76.0,2,365,2,365,2.0,365.0,19,19,19,19,64,49,1,19,46,255,504.0,60.0,4.83,4.92,4.95,4.91,4.88,4.42,4.8,False,22,22,0,4.11,76.0,39
2393,99.0,97.0,True,24,38,True,True,42.65269,-73.76567,7,0,2,1.0,0.1,1.0,88.0,2,365,2,365,2.0,365.0,21,43,48,48,45,32,0,48,34,192,494.0,76.0,4.96,4.98,5.0,5.0,4.98,4.78,4.96,False,22,22,0,2.95,880.0,33
2847,100.0,99.0,True,9,17,True,True,42.67008,-73.80691,7,0,5,1.0,2.0,2.0,94.0,3,365,3,365,3.0,365.0,11,24,47,226,28,25,0,163,24,150,459.0,148.0,4.86,4.89,4.89,4.93,4.96,4.82,4.79,True,9,9,0,1.99,47.0,35
3663,98.0,99.0,True,14,15,True,True,42.65289,-73.76834,4,0,2,1.0,1.0,0.0,90.0,1,1125,1,1125,1.0,387.9,18,42,72,346,50,36,1,188,38,216,494.0,60.0,4.64,4.7,4.58,4.82,4.88,4.78,4.6,False,11,11,0,3.28,90.0,11
1434,100.0,92.0,False,1,1,False,False,42.6564469,-73.7507251,7,0,5,1.0,1.0,0.0,99.0,2,365,2,365,2.0,365.0,9,33,61,334,11,6,1,175,7,36,481.0,67.0,4.73,5.0,4.55,5.0,4.91,4.73,4.91,True,1,1,0,0.74,99.0,52
1080,100.0,83.0,True,5,5,True,True,42.65348,-73.7637,7,0,2,1.0,1.0,2.0,74.0,1,365,1,365,1.0,365.0,25,40,70,159,14,11,0,159,7,66,466.0,105.0,4.86,4.93,4.93,4.93,5.0,4.79,4.79,False,2,2,0,0.98,74.0,39
1052,92.0,94.0,False,2,2,False,False,42.64885,-73.76523,7,0,4,1.0,1.0,1.0,90.0,2,365,2,365,2.0,365.0,28,49,79,168,38,30,0,168,37,180,439.0,109.0,4.92,4.97,4.82,4.97,4.89,4.82,4.95,False,2,2,0,2.84,90.0,25
1080,100.0,83.0,True,5,5,True,True,42.65194,-73.76526,7,0,4,1.0,1.0,2.0,87.0,1,365,1,365,1.0,365.0,25,40,70,159,28,17,0,159,20,102,473.0,90.0,4.86,5.0,4.86,4.82,4.96,4.93,4.82,False,2,2,0,1.93,87.0,46
4900,100.0,94.0,False,4,7,True,False,42.65314,-73.76546,7,0,2,1.0,1.0,1.0,90.0,2,365,2,365,2.0,365.0,0,0,0,250,6,4,0,92,5,24,465.0,149.0,3.83,4.0,4.17,4.83,4.67,4.5,3.83,False,3,3,0,0.42,90.0,24
4251,100.0,97.0,True,3,3,True,True,42.66901,-73.82402,9,0,4,1.0,2.0,0.0,165.0,1,365,1,365,1.0,365.0,22,38,68,342,49,42,3,184,36,252,455.0,53.0,4.86,4.92,4.88,4.94,4.9,4.8,4.84,False,3,3,0,3.52,82.5,32
3567,89.0,63.0,True,5,6,True,True,42.646032,-73.760482,7,0,2,1.0,1.0,0.0,64.0,3,365,3,365,3.0,365.0,0,4,18,196,4,3,0,133,2,18,410.0,150.0,4.75,4.75,5.0,5.0,5.0,5.0,4.5,False,2,2,0,0.32,64.0,43
3567,89.0,63.0,True,5,6,True,True,42.646032,-73.760482,4,0,2,1.5,1.0,0.0,94.0,3,365,3,365,3.0,365.0,0,0,0,82,5,3,0,19,4,18,457.0,108.0,5.0,5.0,4.4,5.0,5.0,4.2,5.0,False,2,2,0,0.36,94.0,54
3041,100.0,100.0,False,1237,2577,True,True,42.65783832009679,-73.75382158545102,9,0,5,1.0,2.0,3.0,135.0,2,1125,2,1125,2.2,1125.0,0,0,0,218,3,3,0,60,3,18,403.0,354.0,4.67,4.67,4.33,4.67,5.0,3.67,4.67,True,5,5,0,0.25,67.5,33
1280,100.0,86.0,False,1,1,True,False,42.674853495878494,-73.81692445092622,7,0,4,1.0,2.0,2.0,153.0,1,120,1,120,1.0,120.0,18,32,51,291,48,48,6,133,24,255,341.0,46.0,4.98,4.98,4.98,4.94,4.96,4.85,4.94,False,1,1,0,4.74,76.5,35
755,100.0,48.0,True,4,6,True,True,42.65909,-73.75691,7,0,2,1.0,2.0,1.0,70.0,14,365,14,365,14.0,365.0,1,8,17,196,2,1,1,133,1,28,440.0,63.0,4.0,3.5,5.0,3.0,4.0,2.5,4.0,False,3,3,0,0.15,35.0,34
2995,100.0,92.0,True,1,1,False,True,42.67105,-73.7995,7,0,2,1.0,1.0,1.0,72.0,7,730,7,1125,7.0,1125.0,0,8,27,301,6,3,0,143,5,42,416.0,95.0,5.0,5.0,5.0,5.0,5.0,5.0,4.83,False,1,1,0,0.47,72.0,33
2390,100.0,100.0,False,6,6,True,True,42.6524924,-73.7674361,7,0,4,1.0,1.0,3.0,88.0,1,365,1,365,1.0,365.0,10,32,55,232,56,50,4,169,37,255,436.0,60.0,4.82,4.79,4.86,4.89,4.93,4.29,4.75,False,6,6,0,4.21,88.0,40
443,100.0,98.0,True,2,2,True,True,42.66259,-73.7733,16,1,1,0.5,1.0,1.0,55.0,2,365,2,365,2.0,365.0,11,39,69,248,20,16,1,185,15,96,434.0,61.0,4.9,4.95,4.85,4.85,4.75,4.45,4.75,False,2,1,1,1.51,55.0,9
2390,100.0,100.0,False,6,6,True,True,42.65274,-73.76779,7,0,4,1.0,1.0,3.0,87.0,1,365,1,365,1.0,365.0,19,26,56,234,72,62,6,171,46,255,440.0,46.0,4.72,4.76,4.83,4.88,4.93,4.46,4.74,False,6,6,0,5.36,87.0,40
437,100.0,100.0,False,1,1,False,True,42.6586049,-73.76803290000001,7,0,3,1.0,1.0,1.0,95.0,2,90,2,90,2.0,90.0,22,47,77,256,11,10,0,193,9,60,429.0,109.0,4.73,5.0,4.55,5.0,4.82,4.91,4.73,False,1,1,0,0.84,95.0,11
1863,100.0,98.0,True,17,17,True,True,42.66428,-73.79249,15,1,1,1.5,1.0,1.0,52.0,28,365,28,365,28.0,365.0,1,1,1,156,2,2,0,93,2,112,319.0,230.0,5.0,5.0,5.0,5.0,5.0,5.0,4.5,False,17,4,13,0.21,52.0,47
3550,100.0,97.0,False,19,19,True,True,42.64727,-73.76758,7,0,3,1.0,1.0,1.0,107.0,1,365,1,365,1.0,365.0,18,35,65,340,14,14,1,181,10,84,382.0,54.0,4.36,4.57,4.71,4.64,4.21,4.5,4.21,False,18,18,0,1.22,107.0,43
411,100.0,93.0,False,3,4,True,True,42.64349,-73.75906,4,0,12,2.0,6.0,0.0,292.0,2,31,2,31,2.0,31.0,12,12,12,12,2,2,0,12,2,12,381.0,351.0,3.0,3.0,4.0,3.0,3.5,4.0,3.0,False,2,1,1,0.17,48.666666666666664,55
2393,99.0,97.0,True,24,38,True,True,42.65314,-73.7653,7,0,4,2.0,2.0,2.0,128.0,1,365,1,365,1.0,365.0,18,36,36,36,46,46,3,36,25,255,403.0,56.0,4.96,4.96,4.96,4.93,4.85,4.83,4.91,False,22,22,0,3.77,64.0,32
2393,99.0,97.0,True,24,38,True,True,42.64442,-73.77938,4,0,6,2.0,4.0,4.0,213.0,2,365,2,365,2.0,365.0,18,18,18,18,18,18,2,18,14,108,362.0,53.0,4.94,4.83,4.89,4.83,4.83,4.83,4.78,False,22,22,0,1.66,53.25,31
1276,100.0,98.0,True,3,3,True,False,42.66894,-73.79549,7,0,6,2.0,3.0,3.0,99.0,1,365,2,1125,3.0,1125.0,0,3,29,205,55,55,1,142,40,255,396.0,60.0,4.95,4.95,4.95,4.98,4.98,4.89,4.95,True,2,2,0,4.6,33.0,46
3612,100.0,99.0,False,8,9,True,True,42.6534205,-73.7639758,7,0,2,1.0,0.1,1.0,78.0,1,365,1,365,1.0,365.0,29,56,56,56,25,25,1,56,16,150,388.0,66.0,4.8,4.84,4.84,4.72,4.96,4.84,4.8,False,7,7,0,2.14,780.0,40
3612,100.0,99.0,False,8,9,True,True,42.65227,-73.7646,7,0,2,1.0,0.1,1.0,75.0,1,365,1,365,1.0,365.0,26,48,48,48,21,21,1,48,12,126,365.0,63.0,5.0,5.0,4.95,5.0,5.0,4.9,4.86,False,7,7,0,1.92,750.0,42
3612,100.0,99.0,False,8,9,True,True,42.6524,-73.76351,7,0,2,1.0,0.1,1.0,67.0,1,365,1,365,1.0,365.0,24,47,47,47,17,17,1,47,5,102,385.0,63.0,4.94,4.88,4.88,5.0,4.94,5.0,5.0,False,7,7,0,1.47,670.0,43
2393,99.0,97.0,True,24,38,True,True,42.64409,-73.75709,7,0,4,1.0,0.1,0.0,120.0,1,365,1,365,1.0,365.0,29,29,29,29,16,16,1,29,13,96,384.0,60.0,4.69,4.75,5.0,4.88,4.69,4.25,4.31,False,22,22,0,1.38,1200.0,41
3775,100.0,99.0,True,1,1,True,True,42.65327,-73.76181,7,0,3,1.0,1.0,2.0,85.0,1,1125,1,1125,1.0,54.7,2,7,18,86,130,130,18,86,68,255,381.0,41.0,4.95,4.95,4.93,4.95,4.98,4.92,4.91,False,1,1,0,11.34,85.0,26
2393,99.0,97.0,True,24,38,True,True,42.65502,-73.79183,4,0,6,1.0,4.0,5.0,168.0,1,365,1,365,1.0,365.0,18,41,71,78,27,27,2,78,19,162,376.0,60.0,4.89,4.93,4.93,4.93,5.0,4.89,4.93,False,22,22,0,2.39,42.0,33
3663,98.0,99.0,True,14,15,True,True,42.65333,-73.7711,4,0,4,1.0,2.0,0.0,113.0,1,1125,1,1125,1.3,377.8,20,26,53,327,23,23,1,169,13,138,302.0,55.0,4.96,4.96,4.83,4.91,5.0,4.96,4.87,False,11,11,0,2.6,56.5,12
3663,98.0,99.0,True,14,15,True,True,42.66215,-73.79048,4,0,2,1.0,1.0,1.0,82.0,1,1125,1,1125,1.3,328.3,28,55,85,357,33,33,1,199,19,198,368.0,59.0,4.88,4.91,4.85,4.97,4.88,4.82,4.76,False,11,11,0,2.99,82.0,6
1659,100.0,94.0,False,1,2,True,True,42.65542,-73.78155,15,1,1,1.0,1.0,2.0,42.0,1,30,1,30,1.0,30.0,24,40,70,249,6,6,0,186,5,36,339.0,108.0,4.67,4.83,4.67,4.83,4.67,4.83,4.83,False,1,0,1,0.6,42.0,20
3979,100.0,84.0,True,8,8,True,True,42.67318,-73.79345,15,1,2,1.5,1.0,1.0,68.0,7,89,5,89,7.0,89.0,29,59,88,88,2,2,0,88,2,28,281.0,263.0,5.0,5.0,5.0,5.0,5.0,5.0,5.0,False,8,1,7,0.25,68.0,45
443,100.0,98.0,True,2,2,True,True,42.66332540000001,-73.77422550000001,7,0,4,1.0,3.0,3.0,108.0,3,365,3,365,3.0,365.0,26,45,75,349,10,10,2,191,5,60,276.0,46.0,4.4,4.4,4.5,4.4,4.6,4.0,4.3,False,2,1,1,1.26,36.0,7
751,100.0,46.0,True,3,5,False,True,42.66859,-73.78832,16,1,1,1.0,1.0,1.0,55.0,28,365,28,365,28.0,365.0,0,0,21,295,2,2,0,137,1,112,286.0,107.0,5.0,5.0,5.0,5.0,5.0,4.5,4.5,False,3,0,3,0.24,55.0,22
3494,100.0,80.0,True,3,4,True,True,42.66955,-73.78542,7,0,5,1.0,3.0,3.0,158.0,3,300,3,300,3.0,300.0,15,41,71,345,7,7,1,187,4,42,308.0,62.0,5.0,5.0,4.86,5.0,5.0,4.86,5.0,False,1,1,0,0.77,52.666666666666664,37
519,100.0,99.0,False,4,10,True,True,42.66104,-73.77971,7,0,6,1.0,3.0,4.0,150.0,1,365,1,1125,1.0,1125.0,0,0,0,159,14,14,1,0,8,84,323.0,68.0,4.57,4.5,4.64,4.57,4.71,4.14,4.43,True,2,2,0,1.47,50.0,44
519,100.0,99.0,False,4,10,True,True,42.66319,-73.77897,7,0,7,1.0,3.0,3.0,145.0,1,365,1,1125,1.0,1125.0,15,37,65,340,33,33,2,181,15,198,313.0,53.0,4.5,4.63,4.41,4.69,4.78,4.59,4.59,True,2,2,0,3.59,48.333333333333336,41
3143,100.0,98.0,True,1,1,True,True,42.65507161089614,-73.76475094677727,7,0,3,1.0,1.0,2.0,115.0,1,28,1,28,2.7,28.0,21,34,64,243,43,43,4,180,9,255,219.0,57.0,4.88,4.91,4.98,4.91,4.95,4.84,4.84,False,1,1,0,7.09,115.0,59
2390,100.0,100.0,False,6,6,True,True,42.65173,-73.76786,7,0,4,1.0,1.0,3.0,74.0,1,365,1,365,1.0,365.0,12,14,36,199,55,55,7,136,27,255,311.0,46.0,4.82,4.84,4.89,4.89,4.93,4.47,4.84,False,6,6,0,6.02,74.0,38
502,100.0,86.0,False,2,2,True,True,42.65046806904435,-73.7643479581064,7,0,2,1.0,1.0,1.0,82.0,2,365,1,365,3.7,365.0,3,9,39,313,2,2,0,155,2,12,271.0,262.0,5.0,5.0,5.0,5.0,5.0,5.0,5.0,False,2,2,0,0.26,82.0,36
1655,100.0,99.0,True,16,26,True,True,42.65507057171404,-73.76151133328676,7,0,2,1.0,1.0,1.0,74.0,4,30,1,30,4.0,30.0,0,4,34,93,27,27,0,93,13,216,299.0,84.0,4.93,4.93,4.78,4.89,4.96,4.85,4.93,False,15,4,11,3.09,74.0,31
1466,83.0,70.0,False,1,3,True,False,42.64566906803636,-73.75883447708878,16,1,2,1.0,1.0,3.0,44.0,1,1125,1,1125,1.0,1125.0,21,44,74,253,7,7,0,190,2,42,262.0,170.0,4.43,4.57,4.14,4.57,4.57,4.71,4.43,False,1,0,1,0.93,44.0,73
344,80.0,92.0,False,2,2,True,True,42.6425,-73.75889,16,1,1,1.0,1.0,1.0,73.0,1,365,1,365,1.0,365.0,28,51,51,301,32,32,1,143,13,192,292.0,44.0,4.75,4.69,4.81,4.72,4.75,4.34,4.84,False,2,0,2,3.76,73.0,12
305,100.0,100.0,False,1,1,True,True,42.65941683202992,-73.78360267728567,15,1,1,1.0,1.0,1.0,52.0,3,365,3,365,3.0,365.0,0,0,23,297,4,4,0,139,4,24,278.0,206.0,4.75,5.0,5.0,5.0,5.0,4.75,5.0,False,1,0,1,0.5,52.0,20
2713,80.0,82.0,False,1,1,True,False,42.6551298,-73.75842949999999,12,1,2,1.0,1.0,1.0,100.0,1,365,1,365,1.0,365.0,25,47,77,351,7,7,1,193,3,42,278.0,68.0,5.0,5.0,4.57,5.0,5.0,4.57,4.71,False,1,0,1,0.87,100.0,9
1863,100.0,98.0,True,17,17,True,True,42.66555578069533,-73.79269774597833,15,1,1,1.5,1.0,1.0,52.0,28,365,28,365,28.0,365.0,19,49,79,353,1,1,0,195,1,56,232.0,232.0,5.0,5.0,5.0,5.0,5.0,5.0,5.0,False,17,4,13,0.15,52.0,49
3663,98.0,99.0,True,14,15,True,True,42.65422976833157,-73.76982577313373,7,0,2,1.0,1.0,1.0,88.0,1,1125,1,1125,1.0,434.4,0,16,46,320,10,10,0,162,4,60,286.0,118.0,4.5,4.5,4.3,4.8,4.8,4.3,4.4,False,11,11,0,1.2,88.0,29
4015,100.0,97.0,True,13,25,True,True,42.6544762,-73.7718074,4,0,2,1.0,1.0,1.0,83.0,1,90,3,90,3.0,90.0,30,60,90,179,6,6,0,179,6,36,279.0,199.0,4.33,4.33,4.5,4.83,4.83,4.33,4.33,False,2,2,0,0.74,83.0,34
4015,100.0,97.0,True,13,25,True,True,42.6551724,-73.76646989999999,4,0,2,1.0,1.0,1.0,93.0,28,120,2,120,4.0,120.0,30,55,85,174,8,8,1,174,2,255,277.0,61.0,4.5,4.5,4.38,4.38,5.0,4.75,4.38,False,2,2,0,1.0,93.0,45
3550,100.0,97.0,False,19,19,True,True,42.64762856666501,-73.76751684061892,7,0,5,1.0,2.0,2.0,131.0,1,365,1,365,1.0,365.0,19,41,71,335,25,25,2,179,8,150,277.0,60.0,4.68,4.8,4.8,4.88,4.68,4.6,4.52,False,18,18,0,3.13,65.5,48
502,100.0,86.0,False,2,2,True,True,42.65004675077063,-73.76402178164355,7,0,2,1.0,0.1,1.0,68.0,2,365,1,365,3.1,365.0,0,0,0,219,6,6,0,61,4,36,263.0,138.0,4.83,5.0,5.0,4.83,5.0,4.83,4.67,False,2,2,0,0.8,680.0,35
5076,100.0,67.0,False,1,2,True,False,42.65319027333566,-73.76970599961155,15,1,2,1.5,1.0,1.0,75.0,1,365,1,365,1.0,365.0,24,52,81,81,1,1,0,81,1,6,264.0,264.0,4.0,4.0,5.0,5.0,5.0,5.0,5.0,False,1,0,1,0.13,75.0,7
2217,100.0,100.0,True,2,2,True,False,42.65137969505171,-73.76947069212083,7,0,2,1.0,1.0,0.0,80.0,1,365,1,365,1.0,365.0,28,51,81,356,15,15,4,197,5,90,257.0,59.0,4.87,4.8,5.0,4.8,5.0,4.6,5.0,True,2,2,0,2.05,80.0,42
1655,100.0,99.0,True,16,26,True,True,42.66916459999999,-73.79776079999999,16,1,2,1.0,1.0,1.0,49.0,2,365,2,365,2.0,365.0,0,0,22,296,5,5,1,138,2,30,263.0,68.0,4.8,4.8,4.8,4.6,4.4,5.0,4.4,False,15,4,11,0.66,49.0,47
3453,100.0,100.0,True,1,1,True,True,42.673155,-73.8203654,4,0,6,1.0,3.0,3.0,164.0,1,365,1,365,1.0,365.0,15,23,30,175,34,34,5,30,13,204,261.0,44.0,4.97,5.0,4.97,4.97,5.0,4.94,4.97,True,1,1,0,4.55,54.666666666666664,51
5682,100.0,100.0,False,1,1,True,True,42.6497616,-73.7645287,4,0,6,2.5,3.0,3.0,188.0,4,1125,1,1125,4.1,1125.0,23,42,72,158,2,2,1,96,0,16,89.0,60.0,3.0,4.0,4.0,3.0,3.0,4.0,3.0,False,1,1,0,1.15,62.666666666666664,56
295,99.0,98.0,True,16,18,True,True,42.66203830172302,-73.78922093804118,4,0,10,1.5,4.0,5.0,178.0,2,365,1,1125,4.7,1125.0,22,44,74,163,18,18,3,163,0,108,176.0,39.0,4.61,4.44,4.56,4.89,4.94,4.78,4.72,False,1,1,0,3.88,44.5,40
252,100.0,100.0,False,1,1,False,True,42.67445142837617,-73.73835701264711,4,0,4,1.0,2.0,2.0,92.0,1,7,1,7,1.0,7.0,28,58,88,174,2,2,1,174,0,12,180.0,60.0,4.0,3.5,4.5,3.5,5.0,3.5,4.0,False,1,1,0,0.42,46.0,50
1817,99.0,100.0,False,652,675,True,True,42.65769853839876,-73.76265861973056,7,0,2,1.0,1.0,1.0,90.0,31,1125,31,1125,31.0,1125.0,0,13,43,318,2,2,0,159,0,124,182.0,151.0,3.0,3.0,3.0,4.5,4.0,3.5,3.0,True,5,5,0,0.41,90.0,35
1817,99.0,100.0,False,652,675,True,True,42.657972465126825,-73.76464632915632,7,0,2,1.0,1.0,1.0,127.0,31,365,31,1125,31.0,1125.0,0,0,0,172,1,1,0,13,0,62,125.0,125.0,5.0,5.0,4.0,5.0,5.0,4.0,4.0,True,5,5,0,0.34,127.0,34
1817,99.0,100.0,False,652,675,True,True,42.65735001723258,-73.76321831042932,7,0,2,1.0,1.0,1.0,127.0,31,365,31,1125,31.0,1125.0,0,0,0,252,3,3,0,93,2,186,228.0,138.0,4.33,4.67,4.0,5.0,4.67,3.67,4.33,True,5,5,0,0.47,127.0,31
1817,99.0,100.0,False,652,675,True,True,42.65537054523247,-73.76089577263407,7,0,2,1.0,1.0,1.0,114.0,31,365,14,1125,29.2,1125.0,30,60,90,268,1,1,0,206,1,62,228.0,228.0,2.0,5.0,5.0,2.0,3.0,4.0,1.0,True,5,5,0,0.16,114.0,35
999,100.0,97.0,False,3,3,True,True,42.65701240741075,-73.78116252001512,7,0,2,1.0,1.0,1.0,73.0,1,365,1,365,1.0,365.0,22,29,59,333,29,29,3,175,9,174,241.0,45.0,4.66,4.66,4.76,4.72,4.76,4.72,4.69,False,3,3,0,4.26,73.0,33
236,100.0,100.0,True,3,3,True,True,42.66434543814111,-73.77874573138119,16,1,2,1.0,1.0,1.0,38.0,1,365,1,365,1.0,365.0,0,0,0,190,9,9,1,31,0,54,172.0,40.0,4.78,4.89,5.0,5.0,5.0,4.89,4.78,False,3,0,3,2.0,38.0,46
236,100.0,100.0,True,3,3,True,True,42.66294970341223,-73.7789027115689,16,1,2,1.0,1.0,1.0,42.0,1,365,1,365,1.0,365.0,15,19,46,291,43,43,8,134,10,255,228.0,45.0,4.95,4.95,4.88,5.0,5.0,4.77,4.93,False,3,0,3,6.75,42.0,46
3591,100.0,99.0,True,11,13,True,True,42.64441207268658,-73.7522667363394,7,0,6,1.0,2.0,2.0,100.0,1,365,1,1125,2.2,1125.0,9,30,60,334,20,20,5,176,0,120,197.0,47.0,4.95,4.95,4.79,4.95,4.95,4.47,4.95,False,9,9,0,3.75,50.0,46
1953,100.0,100.0,False,1,1,True,True,42.6310402282283,-73.77196507981581,4,0,5,1.5,2.0,1.0,104.0,1,365,1,365,1.0,365.0,30,53,83,358,8,8,2,199,2,48,217.0,60.0,3.88,3.88,4.0,4.5,4.38,4.5,3.75,False,1,1,0,1.33,52.0,37
236,100.0,100.0,True,3,3,True,True,42.66375890730826,-73.77674406705056,16,1,2,1.0,1.0,1.0,51.0,1,365,1,365,1.0,365.0,10,17,40,295,27,27,9,137,2,162,207.0,46.0,4.96,5.0,4.93,5.0,5.0,4.85,4.93,False,3,0,3,4.76,51.0,46
2300,100.0,100.0,False,1,1,True,True,42.67077854215789,-73.82525054567722,7,0,6,1.0,3.0,3.0,106.0,2,1125,1,1125,2.0,1125.0,0,5,25,114,1,1,0,114,0,6,94.0,94.0,5.0,5.0,5.0,5.0,5.0,5.0,5.0,True,1,1,0,0.53,35.333333333333336,42
3041,100.0,100.0,False,1237,2577,True,True,42.6551361,-73.7737125,7,0,6,1.0,3.0,3.0,101.0,2,1125,2,1125,2.3,1125.0,23,44,74,348,1,1,1,190,0,6,68.0,68.0,3.0,3.0,4.0,4.0,3.0,4.0,3.0,True,5,5,0,1.0,33.666666666666664,22
220,100.0,100.0,False,1,1,False,True,42.65015,-73.76337,4,0,8,1.5,3.0,3.0,170.0,2,365,2,365,2.0,365.0,16,29,52,227,12,12,1,164,0,72,161.0,67.0,4.92,4.83,4.83,4.58,5.0,5.0,5.0,False,1,1,0,2.9,56.666666666666664,33
1589,100.0,92.0,False,3,7,True,True,42.65262,-73.76134,7,0,2,1.0,1.0,1.0,103.0,2,365,2,365,2.0,365.0,5,27,57,331,4,4,0,173,0,24,141.0,99.0,4.5,4.5,4.25,4.75,5.0,5.0,4.75,True,3,3,0,1.15,103.0,7
3591,100.0,99.0,True,11,13,True,True,42.6440750005831,-73.75452790055822,7,0,10,1.0,3.0,4.0,108.0,1,1125,1,1125,2.2,1125.0,19,44,74,221,8,8,2,190,0,48,109.0,45.0,4.63,4.63,4.75,4.63,4.75,4.25,4.75,False,9,9,0,3.33,36.0,59
3612,100.0,99.0,False,8,9,True,True,42.67538365828664,-73.75011739653225,7,0,3,1.0,1.0,1.0,83.0,1,1125,1,1125,1.0,1125.0,30,59,59,59,1,1,1,59,0,6,54.0,54.0,5.0,5.0,5.0,5.0,5.0,5.0,5.0,False,7,7,0,1.0,83.0,38
161,100.0,100.0,False,1,1,True,True,42.68507834404223,-73.79764015056868,4,0,6,2.0,2.0,2.0,126.0,7,90,7,90,7.0,90.0,0,0,0,220,3,3,0,61,0,42,140.0,77.0,5.0,5.0,4.67,5.0,5.0,4.67,5.0,True,1,1,0,0.87,63.0,38
4251,100.0,97.0,True,3,3,True,True,42.67003713546928,-73.82302715231661,4,0,6,1.5,3.0,3.0,149.0,1,365,1,365,1.0,365.0,21,35,63,331,20,20,3,172,0,120,151.0,52.0,4.95,4.9,5.0,5.0,5.0,4.85,4.9,True,3,3,0,5.26,49.666666666666664,40
1461,100.0,93.0,True,3,6,True,False,42.655400645597446,-73.79756712300808,15,1,1,3.0,8.0,1.0,66.0,2,365,2,365,2.0,365.0,10,32,61,61,2,2,1,61,0,12,95.0,59.0,5.0,5.0,5.0,5.0,5.0,5.0,5.0,False,1,0,1,1.03,8.25,44
317,100.0,97.0,False,2,2,True,True,42.66891,-73.79096,4,0,5,1.0,3.0,6.0,217.0,1,200,1,200,1.0,200.0,28,47,77,352,3,3,2,193,0,18,75.0,60.0,3.67,3.67,4.67,3.67,4.67,3.67,3.67,False,1,1,0,2.37,72.33333333333333,19
232,100.0,100.0,False,1,1,True,True,42.6436654,-73.7536006,0,0,4,1.0,2.0,2.0,91.0,1,30,1,1125,1.3,1125.0,25,47,76,349,26,26,5,191,0,156,136.0,43.0,4.65,4.85,4.58,4.81,4.96,4.58,4.77,False,1,1,0,7.88,45.5,31
145,100.0,100.0,False,1,1,True,False,42.64533014600323,-73.789131045637,4,0,8,2.5,4.0,4.0,258.0,1,1125,1,1125,1.0,91.9,14,32,52,309,14,14,4,151,0,84,121.0,46.0,5.0,5.0,5.0,5.0,5.0,5.0,5.0,True,1,1,0,5.0,64.5,42
395,100.0,93.0,False,1,1,True,True,42.66159372265361,-73.75439956511829,7,0,4,1.0,2.0,4.0,85.0,1,1125,1,1125,1.0,1125.0,23,47,77,352,6,6,4,193,0,36,122.0,48.0,4.33,4.67,4.67,4.33,5.0,4.0,4.5,True,1,1,0,2.12,42.5,37
2237,100.0,98.0,False,1,1,True,False,42.65040602684423,-73.76433185078635,7,0,4,1.0,1.0,2.0,68.0,1,1125,1,1125,1.0,1125.0,12,24,39,288,13,13,6,129,0,78,102.0,46.0,5.0,5.0,5.0,5.0,5.0,5.0,5.0,True,1,1,0,6.0,68.0,43
1634,100.0,67.0,False,1,1,True,True,42.66598411229728,-73.81880097091198,4,0,5,2.5,3.0,3.0,128.0,7,30,7,30,7.0,30.0,7,37,66,66,1,1,1,66,0,14,54.0,54.0,5.0,5.0,5.0,5.0,5.0,5.0,5.0,False,1,1,0,1.0,42.666666666666664,22
2390,100.0,100.0,False,6,6,True,True,42.64764408604364,-73.7715925383664,7,0,2,1.0,1.0,1.0,74.0,1,365,1,365,1.3,365.0,7,20,47,198,2,2,0,135,0,12,108.0,78.0,5.0,5.0,5.0,5.0,5.0,4.5,5.0,True,6,6,0,0.85,74.0,39
3826,100.0,67.0,False,2,2,True,True,42.6868252,-73.8111413,7,0,2,1.0,1.0,1.0,64.0,3,365,2,365,3.0,365.0,6,9,9,262,3,3,2,104,0,18,108.0,58.0,5.0,5.0,5.0,5.0,5.0,5.0,5.0,False,1,1,0,1.27,64.0,36
1114,100.0,100.0,False,10,14,True,True,42.6800233833328,-73.78522330726621,20,1,2,1.0,1.0,1.0,51.0,1,29,1,29,1.0,29.0,27,55,85,360,2,2,1,201,0,12,101.0,60.0,5.0,5.0,5.0,5.0,5.0,5.0,5.0,True,9,8,1,0.94,51.0,21
1114,100.0,100.0,False,10,14,True,True,42.68231684583981,-73.7836715628194,7,0,3,1.0,1.0,2.0,49.0,1,28,1,28,1.0,28.0,24,40,70,345,5,5,2,186,0,30,107.0,59.0,4.2,4.0,4.0,4.2,4.2,4.0,4.2,True,9,8,1,2.14,49.0,24
3465,100.0,71.0,False,3,3,True,True,42.66002,-73.79333,16,1,1,1.0,1.0,3.0,53.0,5,365,5,365,5.0,365.0,0,0,29,303,1,1,1,145,0,10,63.0,63.0,5.0,5.0,5.0,5.0,5.0,5.0,5.0,False,3,0,3,1.0,53.0,42
1114,100.0,100.0,False,10,14,True,True,42.67776,-73.78216,7,0,3,1.0,1.0,1.0,55.0,1,29,1,29,1.0,29.0,19,49,79,354,3,3,1,195,0,18,94.0,60.0,2.67,2.0,3.33,2.33,2.33,2.33,2.67,True,9,8,1,1.58,55.0,24
1114,100.0,100.0,False,10,14,True,True,42.67652148547361,-73.78111383843994,7,0,2,1.0,1.0,1.0,70.0,1,28,1,28,1.0,28.0,0,29,59,334,2,2,0,175,0,12,95.0,90.0,5.0,5.0,5.0,5.0,5.0,3.5,5.0,True,9,8,1,1.03,70.0,25
1114,100.0,100.0,False,10,14,True,True,42.6774277859628,-73.78242873068034,7,0,4,1.0,1.0,1.0,56.0,1,28,1,28,1.0,28.0,18,48,78,353,1,1,1,194,0,6,52.0,52.0,5.0,5.0,5.0,5.0,5.0,5.0,5.0,True,9,8,1,1.0,56.0,23
1114,100.0,100.0,False,10,14,True,True,42.67610273877896,-73.78233682651273,7,0,4,1.0,1.0,2.0,57.0,1,365,1,365,1.0,365.0,12,42,72,347,2,2,2,188,0,12,62.0,60.0,4.5,4.5,4.0,4.5,4.5,4.0,4.5,True,9,8,1,2.0,57.0,24
3465,100.0,71.0,False,3,3,True,True,42.659475284293904,-73.79368120012339,15,1,1,1.0,1.0,3.0,48.0,5,365,5,365,5.0,365.0,0,0,13,287,2,2,0,129,0,20,78.0,69.0,5.0,5.0,5.0,5.0,5.0,5.0,5.0,False,3,0,3,1.46,48.0,39
1114,100.0,100.0,False,10,14,True,True,42.67651022767566,-73.78215501783329,7,0,4,1.0,1.0,2.0,47.0,1,28,1,28,1.0,28.0,30,60,90,365,3,3,1,206,0,18,74.0,42.0,3.67,3.67,3.67,4.67,3.67,3.67,3.67,True,9,8,1,2.43,47.0,21
1052,92.0,94.0,False,2,2,False,False,42.648787315458335,-73.76675859025983,7,0,2,1.0,1.0,1.0,107.0,1,365,1,365,1.0,365.0,26,48,66,340,1,1,1,182,0,6,46.0,46.0,5.0,5.0,5.0,5.0,5.0,5.0,5.0,False,2,2,0,1.0,107.0,21
2395,100.0,100.0,False,2,2,True,False,42.6456774,-73.7602082,7,0,3,1.0,1.0,3.0,89.0,1,365,1,365,1.0,365.0,4,7,37,124,5,5,5,124,0,30,53.0,43.0,5.0,5.0,5.0,5.0,5.0,5.0,5.0,True,1,1,0,5.0,89.0,26
1114,100.0,100.0,False,10,14,True,True,42.682246872011966,-73.78338389658927,7,0,4,1.0,1.0,2.0,57.0,1,365,1,365,1.0,365.0,30,60,90,365,1,1,1,206,0,6,40.0,40.0,5.0,5.0,5.0,5.0,5.0,5.0,5.0,True,9,8,1,1.0,57.0,19
